ID,Project,Cost,Status,First Name,Last Name,Gender,City,Age,Designation Level
A001,Project 1,1002000.0,Finished,John,Alter,M,Paris,25,2
A001,Project 9,2061714.2857142857,Ongoing,John,Alter,M,Paris,25,2
A001,Project 11,2000000.0,Failed,John,Alter,M,Paris,25,2
A002,Project 2,2000000.0,Ongoing,Alice,Luxumberg,F,London,27,2
A002,Project 6,680000.0,Failed,Alice,Luxumberg,F,London,27,2
A003,Project 3,4500000.0,Finished,Tom,Sabestine,M,Berlin,29,3
A003,Project 8,350000.0,Failed,Tom,Sabestine,M,Berlin,29,3
A003,Project 10,300000.0,Finished,Tom,Sabestine,M,Berlin,29,3
A004,Project 4,5500000.0,Ongoing,Nina,Adgra,F,Newyork,31,2
A004,Project 12,1000000.0,Ongoing,Nina,Adgra,F,Newyork,31,2
A004,Project 13,3000000.0,Finished,Nina,Adgra,F,Newyork,31,2
A005,Project 5,3250500.0,Finished,Amy,Johny,F,Madrid,30,3
A005,Project 7,400000.0,Finished,Amy,Johny,F,Madrid,30,3
A005,Project 14,200000.0,Finished,Amy,Johny,F,Madrid,30,3
