ID,Project,Cost,Status,First Name,Last Name,City,Age,Designation Level,Bonus
A001,Project 1,1002000.0,Finished,Mr. John,Alter,Paris,25,2,50100
A001,Project 9,2061714.286,Ongoing,Mr. John,Alter,Paris,25,2,0
A001,Project 11,2000000.0,Failed,Mr. John,Alter,Paris,25,1,0
A002,Project 2,2000000.0,Ongoing,Mrs. Alice,Luxumberg,London,27,2,0
A002,Project 6,680000.0,Failed,Mrs. Alice,Luxumberg,London,27,1,0
A003,Project 3,4500000.0,Finished,Mr. Tom,Sabestine,Berlin,29,3,225000
A003,Project 8,350000.0,Failed,Mr. Tom,Sabestine,Berlin,29,2,0
A003,Project 10,300000.0,Finished,Mr. Tom,Sabestine,Berlin,29,3,15000
A004,Project 4,5500000.0,Ongoing,Mrs. Nina,Adgra,Newyork,31,3,0
A004,Project 12,1000000.0,Ongoing,Mrs. Nina,Adgra,Newyork,31,3,0
A004,Project 13,3000000.0,Finished,Mrs. Nina,Adgra,Newyork,31,3,150000
A005,Project 5,3250500.0,Finished,Mrs. Amy,Johny,Madrid,30,4,162525
A005,Project 7,400000.0,Finished,Mrs. Amy,Johny,Madrid,30,4,20000
A005,Project 14,200000.0,Finished,Mrs. Amy,Johny,Madrid,30,4,10000
