Source,User ID
Instagram,AAE1542675
Instagram,AAG1139819
Instagram,AAQ1920322
Snapchat,AAR2036663
Offline Campaign,AAT397791
Offline Campaign,AAX617733
Offline Campaign,ABB4102768
Google,ABJ208964
Organic,ABJ2575621
Facebook,ABL1814739
Google,ABR1684537
Facebook,ABZ1462598
Instagram,ABZ2530450
Instagram,ABZ520175
Instagram,ACA228688
Organic,ACC217442
Google,ACC934782
Organic,ACJ1088413
Instagram,ACK2490276
Offline Campaign,ACK2566954
Offline Campaign,ACR2560129
Organic,ACV1389043
Snapchat,ACY1277631
Snapchat,ADF288047
Google,ADF59546
Facebook,ADU1855215
Facebook,ADY2581375
Instagram,AEA159414
Snapchat,AEA1855425
Snapchat,AEF1162685
Offline Campaign,AEI136750
Snapchat,AEO1455773
Google,AFB1613116
Organic,AFJ6101622
Offline Campaign,AFM811103
Offline Campaign,AFP1458314
Instagram,AFR1386931
Snapchat,AGG1915807
Facebook,AGL1596852
Facebook,AHA2443395
Snapchat,AHE331272
Instagram,AHH1183376
Offline Campaign,AHJ1330336
Facebook,AHW1574421
Offline Campaign,AHX630603
Instagram,AIH587729
Instagram,AIS141943
Offline Campaign,AIV2551324
Facebook,AJD974439
Instagram,AJI2623796
Instagram,AJM1390357
Facebook,AKB2293372
Offline Campaign,AKD2233027
Facebook,AKF1324090
Snapchat,AKG198688
Facebook,AKI563159
Facebook,AKZ1759142
Offline Campaign,ALD1668247
Offline Campaign,ALG22104823
Offline Campaign,ALG333861
Snapchat,ALL6106833
Google,ALU2338643
Facebook,ALX1148141
Organic,ALZ835958
Offline Campaign,AMB555764
Offline Campaign,AME1940182
Instagram,AMF1162328
Google,AMF1660735
Organic,AMH1824831
Snapchat,AMS581435
Instagram,AMT2367167
Instagram,AMU2617838
Offline Campaign,ANM2559811
Snapchat,ANO1867731
Offline Campaign,ANO779404
Organic,ANS2449566
Instagram,ANV6108306
Offline Campaign,ANZ2344919
Instagram,ANZ2354957
Snapchat,AOA130330
Google,AOA945003
Facebook,AOB1247994
Snapchat,AOG417025
Snapchat,AOP2165493
Facebook,AOR169453
Organic,AOR1825728
Google,AOU169003
Snapchat,APA446179
Snapchat,API764896
Snapchat,APP937929
Organic,APQ2413449
Offline Campaign,APS1528866
Google,APS883061
Offline Campaign,APU646239
Organic,APX750703
Offline Campaign,AQD2690402
Facebook,AQD846740
Organic,AQH11104640
Instagram,AQH1833351
Organic,AQI2107775
Instagram,AQJ17104619
Snapchat,AQQ2537344
Instagram,ARC545648
Facebook,ARL13108354
Instagram,ARM228301
Offline Campaign,ARN134716
Snapchat,ARN2550730
Instagram,ARS179344
Organic,ARS395418
Organic,ARV2115684
Google,ASB2124933
Snapchat,ASG422983
Offline Campaign,ASI2227480
Organic,ASM2010830
Offline Campaign,ASN10109716
Google,ASN1611670
Offline Campaign,ASN2431476
Snapchat,ASY139795
Organic,ATB4106308
Instagram,ATB545939
Facebook,ATC1238322
Snapchat,ATG14101904
Facebook,ATM867131
Snapchat,ATN2243860
Organic,ATO237404
Snapchat,ATO829331
Instagram,ATQ2058134
Facebook,ATW15106137
Instagram,ATY313446
Organic,AUE617406
Snapchat,AUJ334275
Instagram,AUQ1138256
Facebook,AUV989595
Snapchat,AUZ1835427
Organic,AVG2032214
Instagram,AVK26103008
Facebook,AVN1873224
Facebook,AVW2145021
Snapchat,AVW2283526
Google,AVY2028698
Instagram,AWF565310
Snapchat,AWI180553
Facebook,AWL958608
Facebook,AWM2258380
Offline Campaign,AWP1211478
Snapchat,AWS1725125
Organic,AWV410077
Offline Campaign,AXI2035466
Offline Campaign,AXJ1062982
Offline Campaign,AXP514397
Facebook,AXQ546878
Instagram,AXT2064872
Snapchat,AXU2345978
Instagram,AXU2658005
Facebook,AYB7100005
Facebook,AYE2171847
Facebook,AYO284696
Offline Campaign,AYQ748894
Organic,AYR2558191
Facebook,AYU320733
Instagram,AYX694254
Instagram,AYZ895190
Instagram,AZB1142270
Google,AZB2127189
Instagram,AZD2425377
Facebook,AZF150964
Snapchat,AZJ240224
Snapchat,AZT376215
Organic,AZV920859
Facebook,BAB1741940
Google,BAD129735
Organic,BAI897848
Organic,BBJ27461
Instagram,BBL345000
Instagram,BBP18100596
Instagram,BCG1391833
Organic,BCM2243290
Offline Campaign,BCM942612
Instagram,BCO1862550
Snapchat,BCX1346083
Snapchat,BCX876152
Snapchat,BDA435070
Facebook,BDD119131
Google,BDD469546
Snapchat,BDF459439
Instagram,BDG589514
Offline Campaign,BDJ217719
Google,BDL2421207
Organic,BDN2510449
Google,BDX17106611
Facebook,BEJ1761365
Offline Campaign,BEK1546530
Offline Campaign,BFI5100569
Organic,BFJ945051
Google,BFS1522995
Instagram,BFZ576344
Snapchat,BGD1837734
Facebook,BGD460711
Snapchat,BGE142423
Offline Campaign,BGI2443926
Organic,BGK2661056
Offline Campaign,BGL1659247
Facebook,BGN1786904
Offline Campaign,BGQ2257873
Organic,BGR1540425
Facebook,BGR195487
Instagram,BGR2372960
Organic,BGU862376
Facebook,BGV1029286
Organic,BGX151549
Snapchat,BHA2619938
Instagram,BHC682794
Google,BHH277007
Offline Campaign,BHI684087
Offline Campaign,BHK113605
Instagram,BHN2287105
Google,BHQ1036549
Facebook,BHT2042897
Instagram,BHW320391
Organic,BHY2256958
Offline Campaign,BIA399933
Instagram,BID2055647
Instagram,BIF766918
Instagram,BIM1434980
Offline Campaign,BIN896666
Instagram,BJC825098
Instagram,BJJ2694494
Offline Campaign,BJN219816
Instagram,BJT343335
Snapchat,BJU483895
Snapchat,BJY1268652
Facebook,BJZ1658548
Organic,BKE19107637
Offline Campaign,BKJ696606
Instagram,BKZ1731230
Offline Campaign,BLF2490294
Organic,BLJ218685
Snapchat,BLL1157429
Google,BLL695871
Google,BLN5103104
Google,BLR197683
Facebook,BLV137314
Offline Campaign,BLY1869144
Offline Campaign,BMD2221270
Snapchat,BMR514445
Offline Campaign,BMS1940428
Organic,BMZ1570251
Snapchat,BNE3109662
Facebook,BNH1770044
Organic,BNJ1934824
Snapchat,BNP1745291
Google,BNS1210536
Snapchat,BNX169768
Offline Campaign,BNZ2414136
Offline Campaign,BOA2515861
Snapchat,BOB1828044
Organic,BOB821492
Snapchat,BOG9107217
Instagram,BOH22102156
Facebook,BOY2376578
Google,BPE2629127
Snapchat,BPN16106563
Instagram,BPO261512
Instagram,BPR1117097
Instagram,BPX1989652
Facebook,BPX259622
Facebook,BPX633441
Snapchat,BQD1498715
Facebook,BQF3109371
Facebook,BQG250136
Organic,BQJ122587
Offline Campaign,BQL2465028
Snapchat,BQY1391533
Offline Campaign,BRP2474085
Instagram,BRQ680409
Snapchat,BRR2056655
Snapchat,BSJ22102069
Offline Campaign,BSR2037677
Organic,BSS1090381
Snapchat,BSU2429388
Offline Campaign,BSX1673176
Facebook,BSY1488692
Instagram,BTA460207
Snapchat,BTF1686802
Offline Campaign,BUA358662
Facebook,BUK1883010
Facebook,BUQ1428929
Facebook,BUT2618267
Offline Campaign,BUX1514460
Organic,BVA1818027
Offline Campaign,BVI2078558
Snapchat,BVI2235694
Offline Campaign,BVK672033
Snapchat,BWD492409
Instagram,BWN2339378
Offline Campaign,BWP1061809
Offline Campaign,BWQ1663222
Offline Campaign,BWW22101715
Facebook,BWX876947
Instagram,BXE108709
Snapchat,BXJ1844835
Snapchat,BXJ2104169
Instagram,BXN1934764
Google,BXQ1135619
Offline Campaign,BXX265064
Organic,BXZ448810
Google,BYD1612624
Google,BYE221417
Google,BYG2461188
Snapchat,BYK10101838
Instagram,BYP1472822
Snapchat,BYR1096741
Instagram,BZG1715279
Instagram,BZJ433081
Offline Campaign,BZP1665196
Organic,BZT816959
Snapchat,BZV1112588
Google,BZW1584873
Google,BZW1844256
Facebook,BZW2461992
Facebook,BZX624216
Snapchat,BZZ22106899
Offline Campaign,CAA2106023
Instagram,CAE2582707
Snapchat,CAG1496861
Facebook,CAO1449017
Offline Campaign,CAY1891764
Facebook,CBA1141856
Offline Campaign,CBD2674472
Instagram,CBE21102885
Snapchat,CBI544637
Instagram,CBQ2676785
Facebook,CBR1714685
Google,CBT1947634
Google,CBY77605
Facebook,CCQ1352671
Snapchat,CCY2136744
Organic,CCZ1519815
Google,CDF38694
Organic,CEC1020808
Snapchat,CEE1820355
Snapchat,CEJ2455584
Offline Campaign,CEL1648933
Google,CEN2425017
Google,CEQ1062262
Organic,CEQ1731401
Offline Campaign,CET1477472
Instagram,CEZ1632055
Facebook,CFD658728
Facebook,CFF387528
Organic,CFI1650046
Instagram,CFX317826
Organic,CGM1916254
Facebook,CGP952419
Snapchat,CGQ2073083
Offline Campaign,CGY1092706
Instagram,CHB342384
Organic,CHH187563
Organic,CIA2199156
Snapchat,CIC1483277
Instagram,CIG1523835
Instagram,CIK1168346
Facebook,CIK6102384
Snapchat,CIT2652935
Instagram,CIW1521813
Facebook,CIY1963081
Snapchat,CJB427210
Offline Campaign,CJF1199918
Offline Campaign,CJN2336822
Snapchat,CJO174727
Offline Campaign,CJT429769
Organic,CJV67284
Organic,CKB346527
Facebook,CKE478621
Snapchat,CKG585422
Google,CKM2340065
Offline Campaign,CKN1841247
Instagram,CKP2625443
Google,CKW646257
Snapchat,CLH397491
Instagram,CLI2184321
Facebook,CLR2666120
Offline Campaign,CLS1098532
Offline Campaign,CLV1161017
Instagram,CMO892874
Snapchat,CMP1289328
Snapchat,CMQ25104244
Google,CMS2420802
Google,CMY572090
Facebook,CNB11103098
Organic,CNC174973
Offline Campaign,CNM2117856
Offline Campaign,CNQ17109155
Facebook,CNR1538088
Offline Campaign,CNS2291074
Facebook,CNS23108798
Snapchat,COE859694
Instagram,COJ1057723
Instagram,COL2146905
Instagram,COO1391422
Facebook,COZ1040959
Instagram,COZ1291569
Offline Campaign,CPA1881642
Facebook,CPB2289133
Facebook,CPC1944769
Facebook,CPC751750
Instagram,CPL1380202
Snapchat,CPY2270644
Facebook,CQG1580088
Instagram,CQK1620880
Offline Campaign,CQL485875
Organic,CQP845576
Instagram,CQV1578570
Organic,CQX1368286
Google,CRA575798
Facebook,CRI2120766
Offline Campaign,CRK819044
Snapchat,CRL1126373
Snapchat,CRN119587
Instagram,CRS2283709
Instagram,CRU311790
Organic,CSA26104988
Offline Campaign,CSH1386412
Google,CSK2325803
Instagram,CSQ1969969
Snapchat,CSY2102099
Offline Campaign,CTB18104676
Snapchat,CTH1540242
Organic,CTJ2153457
Instagram,CTJ317703
Snapchat,CTM1715720
Facebook,CUA25102240
Offline Campaign,CUC2456943
Facebook,CUE1439840
Offline Campaign,CUE2138748
Offline Campaign,CUF2215576
Organic,CUJ1446599
Offline Campaign,CUM2162562
Facebook,CUP1189316
Offline Campaign,CVH1969024
Google,CVI1953409
Google,CVP1296570
Snapchat,CVS1599333
Facebook,CWD1837311
Offline Campaign,CWF1667281
Instagram,CWF2479266
Instagram,CWI22103137
Facebook,CXE1912048
Google,CXG2297695
Facebook,CXL321498
Snapchat,CXR5102669
Instagram,CXU758950
Offline Campaign,CYC1882053
Organic,CYG423268
Instagram,CYL1185491
Facebook,CYX2379254
Offline Campaign,CZC1481285
Snapchat,CZJ1717760
Facebook,CZK185239
Instagram,CZM1377043
Google,CZU465940
Offline Campaign,CZZ1570530
Snapchat,DAB1154927
Organic,DAG655653
Facebook,DAI570545
Organic,DAO2676695
Google,DAT2350937
Facebook,DAW1518804
Offline Campaign,DBC1658338
Offline Campaign,DBF1923658
Offline Campaign,DBF39606
Google,DBG240209
Facebook,DBL257875
Facebook,DBR1293303
Offline Campaign,DCF824567
Instagram,DCK1148504
Snapchat,DCV1829526
Snapchat,DDM1061908
Offline Campaign,DDT612435
Instagram,DDT871397
Snapchat,DEA1155311
Instagram,DED2073986
Google,DEI1442639
Instagram,DEO2267425
Facebook,DEX1926649
Facebook,DEZ157812
Facebook,DFL566495
Offline Campaign,DFP711046
Facebook,DGG344988
Offline Campaign,DGL2253595
Facebook,DGR2421312
Snapchat,DGU823715
Snapchat,DGV2163480
Instagram,DGX1088092
Instagram,DHK2570923
Snapchat,DHO128898
Snapchat,DHR1124363
Snapchat,DIE1158101
Google,DII650283
Offline Campaign,DIP2041679
Organic,DIU1814520
Offline Campaign,DJL2188530
Snapchat,DJL320847
Facebook,DJP1612093
Facebook,DJP295013
Organic,DKE1642864
Facebook,DKJ1222311
Organic,DLB261500
Snapchat,DLE17108519
Offline Campaign,DLE6105018
Facebook,DLF7101451
Facebook,DLN988476
Organic,DLT1029778
Instagram,DLU1951585
Organic,DLV1839039
Instagram,DLW1985155
Snapchat,DLW2516716
Google,DMG2164182
Facebook,DMJ1370332
Offline Campaign,DMQ352095
Facebook,DNC2369609
Organic,DNE1247343
Snapchat,DNN523598
Facebook,DNW14108069
Offline Campaign,DNX321561
Google,DNX423571
Instagram,DNZ213848
Google,DOF413662
Organic,DOG1238184
Snapchat,DOG2078222
Offline Campaign,DOH1077073
Offline Campaign,DOH1168739
Google,DOH735013
Google,DOK1642621
Offline Campaign,DOP1254117
Google,DOR2684342
Instagram,DOT1510434
Facebook,DPB625737
Instagram,DPH1883247
Facebook,DPK1011424
Offline Campaign,DQB963531
Google,DQE512729
Facebook,DQU1723532
Facebook,DQW291773
Facebook,DRA713173
Facebook,DRF1771154
Instagram,DRF422650
Google,DRG1988698
Snapchat,DRQ2458977
Google,DRU1694968
Offline Campaign,DRV2474247
Offline Campaign,DSN1864707
Google,DST1115960
Organic,DSY2027267
Offline Campaign,DTG1181882
Instagram,DTH1655767
Snapchat,DTM1480889
Offline Campaign,DTO16105324
Facebook,DTR1224336
Offline Campaign,DTT820886
Organic,DTW939285
Offline Campaign,DTY213188
Offline Campaign,DTY2182749
Instagram,DTZ1354039
Offline Campaign,DUB3107697
Snapchat,DUE2346680
Organic,DUG13108135
Offline Campaign,DUN17100335
Instagram,DUP1546350
Organic,DUU1024747
Instagram,DVC388569
Facebook,DVD1386214
Facebook,DVF2127339
Instagram,DVG1948924
Offline Campaign,DVG2628344
Snapchat,DVT438724
Facebook,DVU1859496
Google,DVZ2154723
Organic,DWC2252452
Offline Campaign,DWE20105867
Snapchat,DWE2426226
Offline Campaign,DWI1140983
Instagram,DWL2599201
Facebook,DWT2145360
Offline Campaign,DWU2259826
Google,DXF1512072
Instagram,DXI2041538
Organic,DXP1544457
Snapchat,DXR710500
Facebook,DYF1746923
Snapchat,DYH1557324
Google,DYP852314
Offline Campaign,DYS990117
Instagram,DYV1697461
Instagram,DZC563924
Google,DZL348165
Instagram,DZO1623748
Offline Campaign,DZO1834482
Facebook,DZR1523931
Offline Campaign,DZR256106
Offline Campaign,DZT2486655
Offline Campaign,EAD2227441
Organic,EAF642186
Offline Campaign,EAH1555989
Offline Campaign,EAH22109719
Offline Campaign,EAN2034320
Google,EAO875873
Facebook,EAP14105225
Snapchat,EAQ1549983
Organic,EAS543857
Snapchat,EBD1819479
Organic,EBK2435202
Facebook,EBK4101841
Instagram,EBR1030405
Offline Campaign,EBT131068
Snapchat,ECF2322344
Offline Campaign,ECK1124558
Offline Campaign,ECO237590
Instagram,ECU1138148
Offline Campaign,ECW1496573
Offline Campaign,EDA6103203
Organic,EDB2413305
Facebook,EDE2531965
Organic,EDF925251
Organic,EDN1343401
Offline Campaign,EDN461941
Organic,EDR872078
Facebook,EDV517082
Google,EDX1418408
Offline Campaign,EDY1875972
Offline Campaign,EED362079
Facebook,EEJ562178
Google,EEL1397047
Facebook,EFH1087582
Facebook,EFM1450679
Google,EFP2244454
Facebook,EGA12102435
Google,EGG1347946
Offline Campaign,EGG3105321
Offline Campaign,EGI189751
Instagram,EGJ1101511
Google,EGJ130789
Offline Campaign,EGK741451
Instagram,EGL1292058
Google,EHB661665
Snapchat,EHG1162448
Facebook,EHL1151420
Instagram,EHS2236036
Snapchat,EHZ1948276
Offline Campaign,EIE858491
Google,EIK2181036
Instagram,EIN353121
Offline Campaign,EIR1756769
Offline Campaign,EIU26100305
Offline Campaign,EIV557975
Snapchat,EJA17102219
Facebook,EJD2057045
Organic,EJE1212876
Offline Campaign,EJE642138
Offline Campaign,EJJ1341559
Snapchat,EKA836969
Instagram,EKE1574712
Snapchat,EKH1073095
Instagram,EKH1677253
Google,EKI1522266
Facebook,EKU646488
Facebook,ELM2389259
Organic,ELP116041
Snapchat,ELT2339963
Offline Campaign,ELT697929
Facebook,ELW12103011
Instagram,EMI912417
Facebook,EMM248468
Instagram,EMQ1297923
Facebook,EMY2154324
Offline Campaign,ENA2443380
Facebook,ENF2070461
Offline Campaign,ENH1279473
Instagram,ENK2568433
Facebook,ENN1197656
Snapchat,ENR160720
Snapchat,ENZ424075
Facebook,EOB2465469
Facebook,EOB2528161
Facebook,EOC5103725
Facebook,EOD337059
Offline Campaign,EOP1388674
Facebook,EOP353967
Facebook,EOU1109410
Organic,EOW858863
Offline Campaign,EPD2520754
Organic,EQE1819779
Instagram,EQO2563750
Offline Campaign,EQY1255671
Offline Campaign,ERD2349974
Instagram,ERH2479008
Offline Campaign,ERI577484
Offline Campaign,ERQ1542684
Snapchat,ERQ2485578
Facebook,ERS1745762
Instagram,ERT1475447
Instagram,ERV1438436
Offline Campaign,ERZ1317715
Organic,ESA1573080
Organic,ESC2136861
Snapchat,ESI1069132
Snapchat,ESN291398
Facebook,ESP1681726
Instagram,ESS2382887
Organic,ESU968547
Instagram,ESX1274961
Instagram,ESY1331209
Snapchat,ETE774583
Facebook,ETN1689499
Google,ETN2393642
Organic,ETO2154033
Google,ETP1260972
Offline Campaign,ETP834392
Offline Campaign,ETV2589679
Facebook,ETW1698934
Google,ETX988998
Instagram,EUG1693294
Facebook,EUL860450
Organic,EUN2350847
Snapchat,EUQ1478084
Snapchat,EUU655302
Snapchat,EVC2698721
Instagram,EVH26104634
Snapchat,EVN1646686
Snapchat,EVQ1210095
Facebook,EVS713536
Instagram,EVV2351795
Instagram,EVX1139798
Instagram,EVX1445990
Instagram,EWA1689427
Offline Campaign,EWA215675
Facebook,EWB1974682
Organic,EWE554306
Instagram,EWH922182
Organic,EWK1781732
Facebook,EWK2171367
Offline Campaign,EXA2669468
Snapchat,EXK191254
Snapchat,EXR16101706
Offline Campaign,EXS1477367
Instagram,EXX233882
Organic,EYH2226841
Instagram,EYK1435982
Google,EYL2311682
Offline Campaign,EYO2696132
Offline Campaign,EYR18107613
Offline Campaign,EYY167614
Google,EZB1994749
Snapchat,EZD1899258
Snapchat,EZM436924
Instagram,EZN2051495
Instagram,EZS196987
Facebook,EZU1041061
Facebook,EZY1091809
Snapchat,EZY1497443
Facebook,FAG674901
Organic,FAH375687
Offline Campaign,FAM1355188
Google,FAN2290474
Google,FAU1584918
Facebook,FBB2096153
Organic,FBD26100896
Instagram,FCB69285
Snapchat,FCY1075240
Snapchat,FCY570788
Facebook,FCZ296810
Snapchat,FDK1540818
Organic,FDO1013281
Organic,FDQ1113290
Google,FDW177668
Organic,FDX1957303
Organic,FEC1614526
Google,FEC2030828
Snapchat,FEL2481708
Snapchat,FEO2584822
Offline Campaign,FEU2048855
Offline Campaign,FEX932499
Snapchat,FFE2172186
Instagram,FFL1582818
Organic,FFL212249
Organic,FFL2590159
Offline Campaign,FFP338196
Offline Campaign,FFR15102477
Offline Campaign,FFW358485
Facebook,FGO914535
Offline Campaign,FGR936837
Instagram,FHK1093150
Instagram,FHQ971028
Organic,FHT741016
Organic,FIF616023
Organic,FIJ912924
Google,FIL2532751
Instagram,FIQ1737428
Snapchat,FIR1988512
Organic,FJA2039069
Organic,FJJ386895
Offline Campaign,FJK3104556
Organic,FJR1348156
Instagram,FJW123616
Instagram,FJW2448783
Offline Campaign,FJZ1597635
Snapchat,FKB24104067
Facebook,FKE880823
Instagram,FLO796471
Facebook,FLQ1317589
Instagram,FLV1616626
Google,FLZ1240191
Google,FLZ1657459
Google,FME229001
Instagram,FMQ1427936
Offline Campaign,FMY2029691
Instagram,FMY740623
Facebook,FNB1379512
Facebook,FNB434323
Snapchat,FNB569105
Snapchat,FNE1958596
Snapchat,FNK415777
Snapchat,FNN765541
Instagram,FNT462541
Google,FNX121666
Snapchat,FOA2229967
Google,FOB1338607
Snapchat,FOB14102081
Instagram,FOS1324285
Offline Campaign,FOT1645822
Offline Campaign,FOT2635475
Offline Campaign,FOW1954861
Offline Campaign,FPB820652
Snapchat,FPI1477211
Offline Campaign,FPL2478210
Offline Campaign,FPT2171352
Snapchat,FPY616425
Snapchat,FQB863819
Offline Campaign,FQD439588
Organic,FQR227612
Snapchat,FQS23104055
Google,FQT478153
Facebook,FQU1684948
Google,FRB1738985
Organic,FRK944484
Organic,FRP2123457
Facebook,FRU1236282
Instagram,FSE862238
Snapchat,FSF2485194
Instagram,FSK970341
Facebook,FSW1945933
Google,FTF2314451
Organic,FTL356868
Google,FTV1549383
Snapchat,FTY26105285
Snapchat,FUK2694131
Offline Campaign,FUU1349896
Offline Campaign,FUZ577571
Offline Campaign,FVC1656136
Offline Campaign,FVM977676
Facebook,FVO17108330
Offline Campaign,FVW921705
Google,FVX108073
Offline Campaign,FWF832868
Snapchat,FWG543830
Organic,FWI1698586
Offline Campaign,FWW1746938
Facebook,FXE1176308
Offline Campaign,FXN254741
Organic,FXN448183
Offline Campaign,FXP1589229
Snapchat,FYE2180091
Instagram,FYF1786073
Offline Campaign,FYI2334494
Facebook,FYM2041865
Offline Campaign,FYN1101628
Offline Campaign,FYZ1533957
Google,FZB289037
Instagram,FZC1877826
Instagram,FZK2231749
Facebook,FZK59600
Offline Campaign,FZS242453
Snapchat,FZV188847
Snapchat,GAF963144
Snapchat,GAG1455563
Offline Campaign,GAJ1459214
Snapchat,GAL258992
Offline Campaign,GBA2280769
Snapchat,GBH2310833
Facebook,GBN1282929
Snapchat,GBN8102189
Instagram,GBO2579857
Organic,GBO4103980
Google,GCB1448441
Offline Campaign,GCM1893684
Facebook,GDD1395730
Google,GDF423244
Instagram,GDF716278
Organic,GDK273236
Offline Campaign,GDQ23102738
Facebook,GDR1344199
Snapchat,GDU1775663
Facebook,GDZ392685
Facebook,GEE2499381
Organic,GEG1372861
Snapchat,GEI761335
Organic,GEO1481825
Snapchat,GEZ853016
Offline Campaign,GFD1348522
Offline Campaign,GFJ156880
Snapchat,GFR1520295
Organic,GFS385932
Facebook,GFX2194653
Offline Campaign,GGA817427
Instagram,GGA916647
Google,GGC1611049
Instagram,GGJ24101142
Google,GGL218870
Snapchat,GHI1359301
Instagram,GHI534974
Organic,GHK268589
Snapchat,GHN1329964
Facebook,GHQ4105333
Organic,GIA1797104
Snapchat,GIA238253
Google,GIB767221
Facebook,GIG449560
Organic,GIN2168322
Snapchat,GIS2352530
Snapchat,GIT1753139
Offline Campaign,GIT561101
Organic,GIW1952701
Facebook,GJB2076101
Offline Campaign,GJK2375894
Instagram,GJW261224
Instagram,GJY1623079
Organic,GKB16109590
Organic,GKG987630
Instagram,GKJ2100059
Instagram,GKL465376
Offline Campaign,GKU1099708
Offline Campaign,GLF1662166
Organic,GLJ2271700
Instagram,GLK1685161
Organic,GLM812750
Google,GMA980853
Snapchat,GML1846770
Facebook,GMR2168454
Facebook,GMS2610791
Snapchat,GMV1053637
Instagram,GND787696
Organic,GNE268184
Offline Campaign,GNF1949794
Facebook,GNI1738445
Snapchat,GNQ843836
Offline Campaign,GNR298466
Facebook,GNX1146968
Instagram,GNZ421318
Offline Campaign,GOA322302
Facebook,GOM1033870
Instagram,GOU269480
Snapchat,GOV15102813
Facebook,GOY172795
Offline Campaign,GPC5109596
Offline Campaign,GPS1949386
Offline Campaign,GPS20103869
Facebook,GPY1326148
Facebook,GQC1711232
Instagram,GQE740200
Organic,GQF271043
Organic,GRE224195
Facebook,GRO1533279
Instagram,GRP633222
Instagram,GRQ1888077
Instagram,GRS27371
Offline Campaign,GRV2543200
Snapchat,GSA1287384
Organic,GSH878828
Snapchat,GSW2596096
Organic,GTA2033438
Offline Campaign,GTG1625221
Snapchat,GTS1627426
Instagram,GUL1183562
Instagram,GUO2089322
Organic,GUV577715
Snapchat,GUY1255695
Snapchat,GVD1085560
Instagram,GVE1778855
Instagram,GVH2084426
Snapchat,GVH2528827
Snapchat,GVH812303
Facebook,GVN596165
Instagram,GVO228809
Snapchat,GWK277421
Facebook,GWL110338
Snapchat,GWT2466411
Google,GWV14104514
Snapchat,GWZ2676209
Instagram,GXA1186142
Snapchat,GXK966693
Google,GXO626361
Offline Campaign,GXP393912
Snapchat,GXS2558176
Organic,GXS7101697
Google,GXY798211
Google,GXZ11104895
Instagram,GYH1036783
Instagram,GYN2494260
Offline Campaign,GYV2158578
Google,GZC1282599
Facebook,GZE340881
Google,GZF690336
Instagram,GZI1965178
Instagram,GZP2230594
Google,GZT1253004
Organic,GZT2639765
Facebook,HAC1341055
Organic,HAD915798
Facebook,HAF1176413
Instagram,HAG21106059
Instagram,HAU2273803
Organic,HAU569807
Instagram,HAY341670
Google,HAZ1811967
Facebook,HAZ213275
Google,HBH1529931
Offline Campaign,HBN496567
Snapchat,HCB594104
Snapchat,HCF1033627
Offline Campaign,HCI2534086
Facebook,HCL2178441
Offline Campaign,HCQ1393990
Organic,HCR1154879
Snapchat,HCS12108024
Offline Campaign,HCW885197
Google,HDD740884
Facebook,HDF2146542
Facebook,HDG184468
Organic,HDG415186
Snapchat,HDK1829313
Facebook,HDM2142615
Snapchat,HDQ10102765
Google,HDS1653286
Facebook,HDS347676
Organic,HDW1381747
Facebook,HDX2078651
Instagram,HEA2398184
Google,HEE140569
Facebook,HEE2596954
Facebook,HEL2238055
Facebook,HEN845924
Facebook,HEP2463828
Offline Campaign,HEU1440722
Google,HEU858512
Organic,HEV868259
Facebook,HEW1259604
Google,HFA530429
Facebook,HFC2379083
Google,HFG2572771
Organic,HFJ1032967
Snapchat,HFJ18108459
Facebook,HFL1671784
Instagram,HFL2238403
Snapchat,HFS2443686
Organic,HFW1460012
Offline Campaign,HGL15100389
Snapchat,HGL2168145
Instagram,HHD1575822
Offline Campaign,HHV631947
Google,HHV936834
Facebook,HHY1742927
Offline Campaign,HHZ349008
Snapchat,HIB1648786
Snapchat,HIE2652692
Google,HIP1317778
Offline Campaign,HIQ2160360
Google,HIZ1713455
Organic,HJH1790225
Offline Campaign,HJH1975993
Organic,HJL1111865
Facebook,HJP576476
Organic,HJR1260699
Snapchat,HKA1102117
Facebook,HKK1852860
Facebook,HLD313005
Facebook,HLF2648036
Snapchat,HLH2675924
Instagram,HLJ1461158
Organic,HLQ1365652
Facebook,HLZ787486
Instagram,HMA1012921
Organic,HMK1666003
Facebook,HNQ1674649
Snapchat,HOB2391791
Instagram,HOC336906
Snapchat,HOC857927
Offline Campaign,HOD1755722
Snapchat,HOF1789535
Google,HOI2026844
Facebook,HOJ1580673
Offline Campaign,HOK1397308
Snapchat,HON675186
Facebook,HOO2562106
Facebook,HOQ1672654
Offline Campaign,HOR1716053
Snapchat,HOT839744
Facebook,HOW2349683
Offline Campaign,HOX317142
Instagram,HOX596711
Offline Campaign,HOY372423
Instagram,HPB2069684
Snapchat,HPF2044991
Facebook,HPR1543164
Offline Campaign,HPW253523
Offline Campaign,HQN1279314
Instagram,HQN2252836
Snapchat,HQW1173368
Facebook,HQY718678
Instagram,HRE2243224
Snapchat,HRF1220502
Snapchat,HRH1724054
Offline Campaign,HRH2106971
Instagram,HRL2104829
Snapchat,HRN1349779
Organic,HRR8109173
Organic,HRZ197143
Organic,HSB1717925
Instagram,HSG2695400
Facebook,HSJ1098199
Snapchat,HSJ438925
Organic,HSR2018630
Snapchat,HSW2411568
Snapchat,HTC2274613
Facebook,HTD1191722
Instagram,HTD679242
Instagram,HTF1422455
Snapchat,HTM2276944
Offline Campaign,HTO2010050
Snapchat,HTP2184423
Facebook,HTU1793861
Offline Campaign,HTX13105147
Instagram,HUX168040
Facebook,HVE1776965
Facebook,HVL856274
Google,HVN2071580
Instagram,HWI1158098
Snapchat,HWP1572177
Google,HWP886874
Offline Campaign,HWZ2211760
Organic,HXD1013104
Snapchat,HXD716431
Offline Campaign,HXF1799420
Instagram,HXI2493036
Snapchat,HXW1041928
Instagram,HYA561140
Offline Campaign,HYD929895
Organic,HYI10103110
Instagram,HYJ1595937
Facebook,HYO2255467
Instagram,HYR2537494
Instagram,HYU739453
Snapchat,HYY1551984
Instagram,HZF21101073
Facebook,HZR1590792
Organic,HZT2028305
Offline Campaign,IAC2064197
Google,IAN1641616
Facebook,IBB2023667
Google,IBJ119719
Snapchat,IBK684849
Google,IBX184699
Snapchat,ICB1168250
Instagram,ICF580601
Google,ICJ2232433
Snapchat,ICM1459319
Instagram,ICM2182323
Offline Campaign,ICT218471
Offline Campaign,IDD1383832
Organic,IDF1587000
Snapchat,IDF720676
Snapchat,IDH759016
Offline Campaign,IDI2590723
Snapchat,IDU717775
Snapchat,IDZ679740
Facebook,IEA1983073
Facebook,IEB560423
Offline Campaign,IED148895
Instagram,IEJ2263582
Organic,IEN2163945
Offline Campaign,IEY1795469
Offline Campaign,IFC2587405
Organic,IFC674295
Facebook,IFD9106242
Snapchat,IFE7102039
Facebook,IFI552188
Instagram,IFJ2216611
Facebook,IFQ1962370
Google,IFS1156871
Organic,IFX783154
Facebook,IGY226115
Organic,IHP2159862
Instagram,IHQ487018
Offline Campaign,IHS422908
Organic,IHV2213581
Facebook,IHX2072513
Instagram,IIA1758881
Snapchat,IIE1178462
Offline Campaign,IIE20102306
Facebook,IIF263882
Instagram,IIG1145699
Offline Campaign,IIQ9109104
Offline Campaign,IIY1380541
Organic,IIZ1102192
Google,IJB558764
Instagram,IJD2485281
Instagram,IJE10107031
Snapchat,IJG2338457
Offline Campaign,IJH2087714
Snapchat,IJX1359550
Facebook,IJX174088
Offline Campaign,IJY1721297
Snapchat,IKG2585797
Facebook,IKO1077679
Offline Campaign,IKT1867179
Offline Campaign,ILB769270
Snapchat,ILG956073
Instagram,ILL1571385
Facebook,ILQ640329
Snapchat,ILV2097809
Google,ILX2220838
Facebook,IMD851369
Facebook,IME916542
Instagram,IMJ1452068
Google,IMJ2543893
Google,IML2399819
Offline Campaign,IMN429490
Instagram,IMT1569870
Offline Campaign,IMU2552887
Facebook,IMY1867446
Snapchat,IMY418921
Offline Campaign,INF765553
Offline Campaign,INR773899
Organic,IOC486562
Google,IOD259072
Organic,IOK17100845
Instagram,IOX994896
Facebook,IPA859064
Organic,IPF1221915
Facebook,IPO2093702
Snapchat,IPS21108696
Offline Campaign,IPT2161647
Offline Campaign,IPY166540
Offline Campaign,IQB2239243
Snapchat,IQE220991
Google,IQE382494
Snapchat,IQF18109194
Facebook,IQG966126
Google,IQQ1934425
Facebook,IQV1573038
Google,IRH1100806
Snapchat,IRJ994545
Instagram,IRK1254381
Snapchat,IRL754684
Google,IRM195085
Facebook,IRN189186
Instagram,IRN2229784
Offline Campaign,IRP1166729
Offline Campaign,IRS661107
Offline Campaign,IRT773980
Snapchat,ISA2268781
Instagram,ISG1232106
Instagram,ISG897581
Organic,ISN2212006
Snapchat,ISP484174
Offline Campaign,ISP540293
Facebook,ISS1630753
Instagram,ISZ464842
Snapchat,ITF877505
Offline Campaign,ITM1677382
Instagram,ITN1343008
Organic,IUB2022428
Offline Campaign,IUB916287
Offline Campaign,IUI180625
Facebook,IUL1224204
Instagram,IUU1179773
Snapchat,IUV2593411
Offline Campaign,IUX473644
Organic,IUZ1150547
Instagram,IVC2447364
Instagram,IVM1834806
Snapchat,IVO882734
Facebook,IVP258157
Offline Campaign,IVQ3106068
Snapchat,IVT2069816
Facebook,IWC2426601
Snapchat,IWF1681546
Facebook,IWH23100440
Snapchat,IWP1146575
Snapchat,IWT491248
Instagram,IXF13107943
Snapchat,IXF2690528
Snapchat,IXJ619329
Organic,IXQ1838355
Facebook,IXQ23108870
Facebook,IXV2131200
Offline Campaign,IYB572432
Instagram,IYG2235937
Organic,IYH1055032
Organic,IYL1312885
Offline Campaign,IYL1468823
Snapchat,IYN1629577
Organic,IYP191785
Organic,IYV256535
Google,IYW1613911
Offline Campaign,IYW6105975
Snapchat,IYZ1197647
Instagram,IZC993738
Instagram,IZF1075303
Google,IZG788548
Offline Campaign,IZV984153
Google,JAD1614373
Google,JAG234611
Facebook,JAP1252197
Instagram,JAT1246767
Offline Campaign,JAW691992
Snapchat,JBK1556859
Facebook,JBN1511604
Google,JBN2327012
Facebook,JBQ494686
Offline Campaign,JCB1490576
Organic,JCH2032004
Snapchat,JCJ1462121
Snapchat,JCM2515228
Offline Campaign,JCO883784
Organic,JCZ951465
Snapchat,JDB4101688
Offline Campaign,JDC875711
Snapchat,JDE16106185
Organic,JDO277727
Instagram,JDQ1363939
Facebook,JDQ2215276
Instagram,JDS1023025
Organic,JDT2384126
Facebook,JEA463708
Facebook,JEK2551588
Offline Campaign,JFB2388554
Offline Campaign,JFB485836
Offline Campaign,JFC1982578
Snapchat,JFE1278798
Google,JFK1786955
Instagram,JFL2255104
Offline Campaign,JFO830036
Facebook,JFR989181
Instagram,JFX2058902
Snapchat,JGD745642
Organic,JGE465871
Google,JGR150481
Offline Campaign,JGS13106419
Facebook,JGS1946479
Facebook,JGZ1357147
Instagram,JGZ2213470
Snapchat,JGZ449035
Organic,JHA1111625
Snapchat,JHQ1176272
Google,JHX2450550
Facebook,JIC1059865
Snapchat,JIF563873
Facebook,JIR21106779
Snapchat,JJA1025734
Facebook,JJC2056253
Facebook,JJF2279626
Google,JJN2653202
Organic,JJY1558731
Snapchat,JKE2160618
Facebook,JKL448846
Google,JKN26104898
Offline Campaign,JKT1886829
Offline Campaign,JLA2356085
Offline Campaign,JLH1421870
Facebook,JLH259106
Instagram,JLL2473875
Offline Campaign,JLW1473431
Organic,JLZ2014385
Snapchat,JMH2668004
Google,JNF585107
Snapchat,JNZ2065385
Organic,JOG479260
Offline Campaign,JOO2527090
Organic,JOS2107946
Snapchat,JPB1476356
Snapchat,JPC635640
Snapchat,JPH1676500
Facebook,JPK2513212
Organic,JPN229702
Instagram,JPN738520
Offline Campaign,JPO2059070
Facebook,JPU2626637
Google,JPX317646
Instagram,JPY1619521
Organic,JPY1815147
Organic,JQA959316
Snapchat,JRG960192
Offline Campaign,JRK1913389
Instagram,JRK1999888
Organic,JRR228818
Facebook,JSI1995316
Offline Campaign,JSQ186298
Google,JTJ2247424
Snapchat,JTV1680598
Offline Campaign,JTV2287843
Offline Campaign,JUD26100140
Google,JUU1451468
Snapchat,JUW2397470
Offline Campaign,JUW8103527
Organic,JUX1364239
Offline Campaign,JVC17108222
Instagram,JVT340860
Facebook,JVY584438
Instagram,JVZ980535
Offline Campaign,JWH188068
Organic,JWO528200
Facebook,JWR2592445
Instagram,JWW197137
Google,JWW2693894
Instagram,JXC561200
Organic,JXH461203
Google,JXJ2419893
Snapchat,JXJ6108813
Snapchat,JXK524522
Facebook,JYE874166
Facebook,JYP9105858
Google,JYT750589
Google,JYW1720172
Snapchat,JYY1170623
Snapchat,JZP1523307
Facebook,JZV24100653
Google,JZV2435274
Snapchat,JZW2461119
Facebook,JZX1279392
Google,KAE1212480
Snapchat,KAE18104253
Facebook,KAE492028
Organic,KAJ144664
Offline Campaign,KAU1376512
Offline Campaign,KAV2274013
Offline Campaign,KAZ777190
Snapchat,KBB794470
Instagram,KBF1537581
Offline Campaign,KBI534629
Offline Campaign,KBM1367770
Facebook,KBO2612942
Organic,KBP986526
Organic,KBQ1226070
Instagram,KCR2497401
Instagram,KCS2345732
Snapchat,KCS4103704
Offline Campaign,KCT2581471
Facebook,KCY2355635
Snapchat,KDA2045495
Google,KDF2445267
Facebook,KDO596186
Offline Campaign,KDR14106485
Organic,KEF1610098
Snapchat,KEO20104571
Facebook,KFF2176191
Snapchat,KFF391875
Organic,KFM1510278
Organic,KFZ1746584
Organic,KGB1816080
Facebook,KGK362547
Offline Campaign,KGM2126508
Instagram,KGS2020607
Google,KGU1435262
Facebook,KHB394998
Organic,KHE37302
Instagram,KHJ135532
Instagram,KHK2129052
Facebook,KHS1357987
Google,KHT2338475
Snapchat,KHW850385
Snapchat,KHY1105642
Facebook,KIB1362001
Facebook,KIB485503
Instagram,KIE2587186
Snapchat,KIT1597149
Instagram,KIW147422
Offline Campaign,KJF2357216
Facebook,KJI1564227
Snapchat,KKE2676203
Snapchat,KKS2444994
Instagram,KLM23106602
Instagram,KLT1531185
Facebook,KMI2654768
Offline Campaign,KMJ2138682
Instagram,KMM2530081
Google,KNA1340278
Instagram,KNB2533048
Facebook,KNC369465
Offline Campaign,KNG1790585
Instagram,KNM1690717
Instagram,KNN20107064
Snapchat,KNV1660276
Facebook,KNZ1698664
Facebook,KOF410071
Facebook,KON1219620
Facebook,KOP1489850
Instagram,KOW322809
Organic,KOX2055434
Organic,KPQ672528
Offline Campaign,KPS757729
Facebook,KPU199948
Snapchat,KPU2045513
Instagram,KQF1541901
Instagram,KQF2531548
Organic,KQG2472921
Organic,KQS2364506
Facebook,KRC1527615
Organic,KRJ296717
Instagram,KRP78385
Offline Campaign,KRP898334
Facebook,KRR2029067
Snapchat,KSA125254
Offline Campaign,KSA1825410
Facebook,KSE13100983
Facebook,KSI2356313
Organic,KSN190645
Instagram,KSQ2516185
Organic,KST1393960
Organic,KST28307
Google,KSU846119
Organic,KSY1039255
Facebook,KTC188377
Facebook,KTC2323145
Facebook,KTK16100998
Offline Campaign,KTM149675
Offline Campaign,KTV675183
Organic,KTW1375981
Google,KUC1529091
Snapchat,KUD1272708
Google,KUH2533828
Snapchat,KUP1220949
Offline Campaign,KUX2537446
Offline Campaign,KVK2638343
Google,KVP1131320
Instagram,KVS1691260
Snapchat,KVS975696
Offline Campaign,KVX1967227
Facebook,KVZ738739
Instagram,KWA208958
Facebook,KWC6108936
Snapchat,KWR2370086
Instagram,KWY232853
Instagram,KXA615162
Google,KXD354207
Facebook,KXJ1191824
Snapchat,KXL1739930
Instagram,KYL1665859
Snapchat,KYM759544
Offline Campaign,KYN966759
Snapchat,KZC7102816
Instagram,KZE211325
Instagram,KZH476341
Offline Campaign,KZJ17392
Facebook,KZR1677055
Offline Campaign,KZR813158
Facebook,KZU197548
Snapchat,KZX2451438
Snapchat,LAA678837
Facebook,LAK1165898
Snapchat,LAM14107226
Facebook,LAP1458068
Snapchat,LAT2377655
Facebook,LBB822431
Instagram,LBD1418759
Facebook,LBD2124333
Instagram,LBG280478
Facebook,LBQ10103341
Offline Campaign,LCC2218240
Snapchat,LCE170446
Instagram,LCF2118879
Facebook,LCG927561
Facebook,LCL1147943
Snapchat,LCT149350
Snapchat,LCZ2487216
Organic,LCZ373533
Google,LDB107509
Offline Campaign,LDK612420
Instagram,LDN536471
Facebook,LDO2014178
Snapchat,LDV698241
Facebook,LEC2088269
Offline Campaign,LEC710221
Offline Campaign,LEJ2331875
Snapchat,LEU2123343
Instagram,LEZ1452203
Organic,LFH2442534
Offline Campaign,LFH2551354
Organic,LFI528563
Instagram,LFP396582
Snapchat,LFT1483076
Instagram,LGE2341292
Google,LGK637047
Snapchat,LGM1108390
Snapchat,LGP763000
Organic,LGY821267
Instagram,LHM1657240
Google,LHT99387
Google,LHV370665
Instagram,LIE24108276
Instagram,LIM1983991
Organic,LIN158182
Instagram,LIO9106872
Offline Campaign,LIR2553838
Instagram,LJC1182761
Instagram,LJC2472729
Facebook,LJJ8103713
Google,LJS699876
Offline Campaign,LJS847745
Instagram,LKO364194
Facebook,LKU150952
Organic,LKV24108822
Instagram,LLB15101469
Google,LLI2103677
Snapchat,LLP266942
Organic,LLW345654
Offline Campaign,LLZ11102108
Instagram,LLZ2611121
Google,LMJ985386
Snapchat,LND790090
Facebook,LNF2100458
Google,LNH742051
Facebook,LNM627531
Offline Campaign,LNS1153349
Instagram,LNU1635949
Offline Campaign,LNW1128743
Facebook,LNX1966510
Instagram,LOH1294563
Instagram,LOH1388665
Organic,LOL1250967
Organic,LOO382698
Facebook,LPJ2196039
Google,LPN5106638
Instagram,LPO2245594
Offline Campaign,LPP2486574
Google,LPR2052749
Offline Campaign,LPX920853
Facebook,LPZ917793
Offline Campaign,LQC399111
Google,LQH7102504
Organic,LQK77449
Facebook,LQP799969
Offline Campaign,LQQ1613539
Offline Campaign,LQR2248171
Offline Campaign,LQT1045399
Snapchat,LRC1929424
Snapchat,LRC2452413
Instagram,LRD14101595
Organic,LRF815957
Google,LRQ1299324
Organic,LRU2579545
Facebook,LRY577565
Snapchat,LRZ1187054
Organic,LSO627177
Instagram,LSQ555140
Instagram,LSR1195634
Facebook,LSU1446632
Snapchat,LTB1840935
Facebook,LTC579500
Offline Campaign,LTE330705
Offline Campaign,LTI669639
Instagram,LTP1268583
Offline Campaign,LTU936921
Google,LUB88529
Snapchat,LUJ353733
Facebook,LUR2083655
Instagram,LUS145987
Instagram,LUV1833114
Instagram,LUW560078
Instagram,LUY982467
Google,LUZ2173440
Snapchat,LVB479707
Organic,LVE1713020
Facebook,LVE2241514
Offline Campaign,LVJ18100413
Instagram,LWB1120634
Offline Campaign,LWC1120277
Offline Campaign,LWC2012150
Offline Campaign,LWC636234
Organic,LWF2108387
Facebook,LWG2284723
Facebook,LWI4102294
Organic,LWM264053
Offline Campaign,LWR118015
Instagram,LWU1849542
Google,LXB2426064
Snapchat,LXE2444121
Offline Campaign,LXI1996351
Facebook,LXI763459
Facebook,LXK1262496
Offline Campaign,LXP1036573
Offline Campaign,LXV2320613
Offline Campaign,LXX594743
Offline Campaign,LXY1117955
Offline Campaign,LXZ548798
Snapchat,LYA2110380
Organic,LYK1027810
Facebook,LYN21106821
Instagram,LYR2179509
Organic,LYT1868517
Instagram,LYT657408
Facebook,LZC1843644
Facebook,LZC776683
Organic,LZI1897287
Facebook,LZN534260
Organic,LZP2177964
Google,LZQ1068532
Snapchat,LZV17101358
Organic,MAE375429
Organic,MAH587801
Facebook,MAK1444487
Instagram,MAL937797
Offline Campaign,MBM1154174
Offline Campaign,MBR818543
Organic,MCC262301
Google,MCC939327
Facebook,MCO1884663
Facebook,MCR1378801
Instagram,MCR456181
Google,MCS1516446
Snapchat,MCS1998643
Organic,MCZ117962
Instagram,MDF1899804
Snapchat,MDF2156772
Google,MDI1439153
Snapchat,MDO1753448
Instagram,MDQ693972
Organic,MDR329028
Facebook,MDZ3106380
Facebook,MEA1728296
Instagram,MEI1411931
Facebook,MEM1333069
Facebook,MEZ2093711
Offline Campaign,MFH1553973
Instagram,MFV237644
Snapchat,MFW1762463
Organic,MGA15101733
Organic,MGC1225449
Offline Campaign,MGD1228152
Snapchat,MGL343890
Instagram,MGZ2252923
Organic,MHI118018
Instagram,MHP1636690
Facebook,MHY6104796
Snapchat,MID87326
Google,MIF2271280
Instagram,MIK1671508
Organic,MIK2042717
Facebook,MIM1297509
Offline Campaign,MIS477988
Snapchat,MIU339429
Offline Campaign,MIU669690
Snapchat,MIW1339918
Instagram,MJK644709
Instagram,MJM2064107
Instagram,MJM2390177
Snapchat,MJX2280070
Facebook,MKK1828833
Snapchat,MKN1888995
Snapchat,MKS2019632
Instagram,MKX2123625
Facebook,MKY319845
Offline Campaign,MLC1235931
Google,MLI837098
Facebook,MLM68187
Instagram,MLW1283097
Snapchat,MMH371139
Instagram,MML24106761
Facebook,MMP615363
Google,MMR781270
Offline Campaign,MMS613074
Offline Campaign,MMV2095553
Snapchat,MNN1068751
Offline Campaign,MNQ344910
Google,MNR1569315
Google,MOF389058
Instagram,MOI1638808
Instagram,MOI2325953
Offline Campaign,MPC38205
Facebook,MPI22103212
Snapchat,MQJ774949
Instagram,MQL2522659
Offline Campaign,MQM727885
Facebook,MQN1443473
Instagram,MQP20104577
Instagram,MQT11103953
Google,MQT972750
Snapchat,MRH165925
Facebook,MRQ1449116
Offline Campaign,MSA981228
Offline Campaign,MSI18103563
Facebook,MSJ2079812
Instagram,MSL1428383
Offline Campaign,MSN758137
Snapchat,MSR2070068
Facebook,MSX9102645
Facebook,MTD1756505
Offline Campaign,MTE2621390
Facebook,MTI2259067
Facebook,MTR2625317
Google,MTV2495484
Offline Campaign,MUS2368196
Organic,MVI66948
Google,MVO126862
Google,MVQ24107088
Instagram,MVS4107379
Facebook,MVT1267308
Google,MWF262850
Instagram,MWG914568
Snapchat,MWI1964689
Google,MWI980442
Facebook,MWJ239723
Facebook,MWJ2638082
Facebook,MWQ2635094
Organic,MXE1236987
Organic,MXH925446
Organic,MXN2634617
Google,MXQ563795
Offline Campaign,MYD1458629
Organic,MYE685815
Snapchat,MYF1104805
Snapchat,MYK1157105
Snapchat,MYM2553439
Offline Campaign,MZJ1197335
Facebook,MZN659796
Offline Campaign,MZP8102525
Snapchat,MZP915612
Offline Campaign,MZQ1463108
Organic,MZS1388884
Snapchat,NAB398967
Offline Campaign,NAC2054078
Instagram,NAG5105843
Organic,NAG7105552
Offline Campaign,NAH2448675
Facebook,NAL238223
Instagram,NAN1818090
Instagram,NAP2592796
Instagram,NAS1940221
Facebook,NAT718099
Organic,NAW1525140
Snapchat,NAX1060864
Snapchat,NBA794506
Facebook,NBD2122824
Facebook,NBH929952
Snapchat,NBK1949884
Snapchat,NBT729187
Snapchat,NBW1967707
Facebook,NBX913779
Instagram,NCA2046995
Snapchat,NCC1570668
Instagram,NCD678108
Snapchat,NCE2613419
Offline Campaign,NCJ1659676
Offline Campaign,NCJ2658812
Instagram,NCR2123934
Organic,NDL853169
Offline Campaign,NDS2353913
Organic,NDT2485677
Facebook,NDZ1577229
Facebook,NEF2534689
Organic,NEM2058353
Organic,NEW2024543
Offline Campaign,NFG18106944
Google,NFK1022257
Snapchat,NGC457846
Snapchat,NGG2393105
Snapchat,NGN1557885
Offline Campaign,NGQ1160438
Google,NGZ418579
Offline Campaign,NHA1947136
Facebook,NHC564647
Instagram,NHF137962
Instagram,NHF615717
Instagram,NHN1313233
Instagram,NHS107788
Google,NHT1192412
Organic,NID815603
Snapchat,NIH1967455
Organic,NIK23108729
Snapchat,NIQ10106377
Instagram,NIR117985
Google,NIU12109119
Instagram,NJA9106341
Offline Campaign,NJH370608
Facebook,NJJ109213
Snapchat,NJK240422
Offline Campaign,NJO2199792
Snapchat,NJP2123694
Facebook,NJQ178693
Instagram,NKA1727384
Instagram,NKI2372312
Facebook,NKI2418342
Google,NKK1377478
Google,NKQ2434659
Snapchat,NKR517349
Instagram,NLB2357183
Instagram,NLK2268691
Offline Campaign,NLN793333
Offline Campaign,NLU1320679
Offline Campaign,NLW374946
Snapchat,NLY1054024
Organic,NMF1215969
Offline Campaign,NMG6106467
Instagram,NMI545666
Facebook,NML214175
Organic,NML230618
Google,NMQ2434776
Offline Campaign,NMT2232370
Offline Campaign,NMT840413
Offline Campaign,NNF1291971
Instagram,NNH1023682
Instagram,NNP1974343
Facebook,NNP3100773
Organic,NNQ1050616
Facebook,NNQ177829
Organic,NNU168493
Facebook,NNZ832718
Offline Campaign,NOA1236585
Instagram,NOK1615573
Instagram,NOM1698172
Organic,NOM2023133
Offline Campaign,NON1689103
Organic,NPB2131665
Google,NPO2334503
Offline Campaign,NPP7105693
Offline Campaign,NQG1830075
Snapchat,NQJ1729469
Snapchat,NQK1169570
Facebook,NQM134638
Instagram,NQU741430
Snapchat,NRM24101004
Instagram,NRN1749047
Offline Campaign,NSA2183514
Organic,NSB2128053
Offline Campaign,NSG986925
Snapchat,NST2323250
Instagram,NSV2421435
Facebook,NSY1410896
Facebook,NTA2359076
Google,NTD10103278
Instagram,NTE138118
Instagram,NTM484549
Snapchat,NUB1610968
Facebook,NUC1949713
Facebook,NUD557711
Organic,NUE930597
Facebook,NUJ2443854
Offline Campaign,NUK396972
Facebook,NUM2261266
Instagram,NVB2265307
Google,NVF1225269
Google,NVK1031347
Instagram,NVO2519704
Instagram,NWB1859205
Instagram,NWC921900
Offline Campaign,NWD2012387
Instagram,NWL2067761
Offline Campaign,NWM23108789
Instagram,NWU22102339
Facebook,NXE1850604
Snapchat,NXE820616
Instagram,NXF522458
Facebook,NXK936165
Instagram,NXP69651
Facebook,NXT1718063
Offline Campaign,NYB1532937
Organic,NYS443011
Snapchat,NYU2653865
Offline Campaign,NYX1344793
Facebook,NZC2319923
Snapchat,NZK1945951
Snapchat,NZK2027000
Snapchat,NZR1798205
Snapchat,NZT8104025
Instagram,NZV1265265
Instagram,OAD2420247
Organic,OAE274280
Snapchat,OAM2280280
Google,OAO137026
Facebook,OAR674982
Offline Campaign,OAS1339975
Offline Campaign,OAW2182074
Offline Campaign,OBB554819
Instagram,OBC1827948
Facebook,OBE2211274
Instagram,OBK2358488
Instagram,OBP2037134
Snapchat,OBS1528356
Instagram,OBS280619
Facebook,OBX2133846
Facebook,OCA1831683
Google,OCM2168010
Organic,OCO2699288
Facebook,OCP1846467
Snapchat,OCV2493486
Organic,OCW987321
Instagram,ODB59090
Snapchat,ODB834719
Offline Campaign,ODG1034371
Offline Campaign,ODL3107394
Facebook,ODO1265328
Snapchat,ODP111979
Snapchat,ODP337260
Google,OEG1256796
Snapchat,OEH2453508
Snapchat,OEQ2059748
Offline Campaign,OEW1495862
Organic,OFJ995391
Facebook,OFM414043
Snapchat,OFU2477424
Organic,OFV1175426
Offline Campaign,OGD1659100
Instagram,OGK986697
Organic,OGL210395
Facebook,OGZ2330672
Organic,OHB2437005
Snapchat,OHE20103512
Instagram,OHH149021
Snapchat,OHJ1250517
Offline Campaign,OHX269318
Facebook,OIE245525
Organic,OIG234248
Google,OIG2441010
Google,OII227941
Instagram,OIS1399657
Google,OIV912297
Instagram,OJE629109
Offline Campaign,OJI473428
Offline Campaign,OJK2669258
Facebook,OJK416170
Snapchat,OJN1335016
Snapchat,OJO343911
Snapchat,OJT2098754
Organic,OKB1097212
Snapchat,OKF459172
Instagram,OKS1976293
Offline Campaign,OKS2288479
Offline Campaign,OKT2619848
Offline Campaign,OKV1935154
Snapchat,OLC2177541
Google,OLP1797101
Snapchat,OLS2366420
Instagram,OLV1530984
Google,OLV772366
Facebook,OLW795244
Snapchat,OME549641
Google,OMG56822
Instagram,OMI13104334
Facebook,OMO13100014
Instagram,ONC640761
Offline Campaign,ONG1987609
Facebook,ONJ2286493
Facebook,ONK14103299
Snapchat,ONK1687459
Google,ONN2489832
Google,ONN2567803
Organic,ONS118772
Facebook,OOC1796264
Offline Campaign,OOD1676089
Snapchat,OOH853598
Offline Campaign,OOI1923703
Snapchat,OOP1049806
Snapchat,OPG482560
Facebook,OPH427279
Google,OPI376470
Instagram,OPN1321708
Organic,OPP386337
Instagram,OPR599348
Offline Campaign,OQK338481
Organic,OQN487012
Snapchat,OQQ122815
Google,OQR187557
Facebook,ORB671226
Organic,ORL1721663
Facebook,ORS1154591
Google,ORS2080274
Snapchat,ORT518405
Facebook,OSG926859
Organic,OSL2124081
Snapchat,OSL850553
Offline Campaign,OSS20101370
Snapchat,OSU1441346
Instagram,OSU1990642
Google,OSW528557
Instagram,OTQ2091578
Google,OTR21106632
Offline Campaign,OTX2072957
Snapchat,OTZ1761659
Snapchat,OUF24104685
Snapchat,OUG810773
Organic,OUI131479
Google,OUS452230
Facebook,OVC2028686
Google,OVH429433
Instagram,OVQ1933975
Facebook,OVQ430384
Offline Campaign,OVR1068427
Offline Campaign,OVV2087447
Offline Campaign,OWQ2441526
Offline Campaign,OXF941703
Snapchat,OXN22100989
Instagram,OXO157909
Instagram,OXR538001
Snapchat,OXU2284885
Instagram,OXV10102840
Google,OXX2320469
Facebook,OYF1483976
Instagram,OYZ1579971
Offline Campaign,OZN952011
Instagram,OZS1051201
Instagram,OZS2083382
Instagram,OZT860747
Organic,OZY22108357
Google,PAB122530
Snapchat,PAF1880172
Snapchat,PAR1960189
Facebook,PAZ1034245
Facebook,PAZ1848090
Google,PBA128211
Offline Campaign,PBB1586184
Google,PBB2648120
Google,PBC2377391
Facebook,PBD1882512
Facebook,PBE728632
Offline Campaign,PBN2096354
Offline Campaign,PBZ1262331
Offline Campaign,PCB19100725
Instagram,PCC217254
Google,PCM352116
Facebook,PCP1416659
Organic,PCS1012468
Google,PCW2548282
Organic,PDD1316326
Snapchat,PDG567422
Google,PDH1114814
Snapchat,PDM1332046
Instagram,PDX2527108
Offline Campaign,PDY1849509
Facebook,PEC1072840
Facebook,PEC1552917
Instagram,PEE795235
Snapchat,PEG1059364
Google,PEK1015666
Snapchat,PET2597134
Offline Campaign,PFA2525989
Organic,PFD1972966
Offline Campaign,PFG367896
Facebook,PFH2115510
Facebook,PFK1425842
Organic,PFO2039984
Snapchat,PFR816122
Organic,PGB853715
Offline Campaign,PGY1156886
Instagram,PHC2632019
Snapchat,PHE1489748
Offline Campaign,PHG1448444
Snapchat,PHN894530
Google,PHP2017517
Instagram,PHR1455506
Organic,PIJ652473
Google,PIP10108030
Instagram,PIV840356
Offline Campaign,PIW1787111
Instagram,PIZ914319
Google,PJI574352
Instagram,PJK2289376
Snapchat,PJS582350
Offline Campaign,PJT2170377
Google,PJY1711907
Snapchat,PKC1527117
Google,PKG1100986
Organic,PKH2019008
Facebook,PKI1018834
Instagram,PKP890885
Instagram,PKS1843347
Facebook,PKS2297365
Offline Campaign,PKY238103
Offline Campaign,PLQ2072825
Facebook,PLT984303
Offline Campaign,PMC1269858
Instagram,PMG554969
Offline Campaign,PMK358386
Snapchat,PMR1532085
Google,PMX1376566
Organic,PMY78943
Snapchat,PNF1842066
Organic,PNR211652
Google,PNR599858
Instagram,PNT11105501
Instagram,PNT1437083
Instagram,PNW562559
Facebook,POB19108036
Organic,POG259978
Offline Campaign,POJ21100572
Facebook,POP1355980
Facebook,POS5101607
Snapchat,POV470881
Offline Campaign,POZ1737470
Facebook,PPB16108351
Facebook,PPF525431
Offline Campaign,PPM2699498
Facebook,PPP1077352
Snapchat,PPP1631806
Snapchat,PPV1741244
Facebook,PQE2657720
Snapchat,PQS849197
Offline Campaign,PQY2121393
Snapchat,PRA8104904
Offline Campaign,PRP8101217
Google,PRQ1197068
Instagram,PRW2297077
Snapchat,PSO1444067
Instagram,PSQ2255956
Instagram,PSQ2348720
Snapchat,PSR2129679
Offline Campaign,PTH740350
Organic,PTK185662
Offline Campaign,PTR1645651
Facebook,PTU967599
Google,PTV450766
Google,PTX2666612
Snapchat,PTZ1943866
Facebook,PTZ4107241
Facebook,PUG166720
Instagram,PUJ1877661
Google,PUK2627942
Snapchat,PUL1153532
Instagram,PUV825506
Instagram,PVC880616
Facebook,PVD2284453
Offline Campaign,PVD732481
Snapchat,PVH1741163
Snapchat,PVM12103314
Instagram,PVO1527366
Facebook,PVP2020280
Google,PVU2041823
Offline Campaign,PVW731515
Facebook,PVZ1683094
Organic,PWC1108177
Instagram,PWF217256
Instagram,PWH2063756
Snapchat,PWU2540167
Snapchat,PWY899279
Instagram,PXA1780085
Google,PXC2062073
Facebook,PXQ348006
Facebook,PXR140824
Instagram,PXS1282965
Snapchat,PXV2343806
Google,PYC1217187
Snapchat,PYG1213254
Snapchat,PYG9102402
Offline Campaign,PYL325941
Instagram,PYO248030
Organic,PYO26106974
Facebook,PYQ767530
Snapchat,PYR1333030
Facebook,PYR1784429
Snapchat,PYZ1248684
Offline Campaign,PZE330813
Google,PZF2067974
Google,PZT1529730
Facebook,PZX1579200
Facebook,QAD12108372
Snapchat,QAF2381636
Google,QAH23101247
Facebook,QBM1482464
Google,QBO413764
Organic,QCA1441772
Instagram,QCH2177154
Offline Campaign,QCI2649743
Google,QDD1930060
Organic,QDG2453160
Facebook,QDM2452125
Offline Campaign,QDT1454543
Organic,QDT423901
Instagram,QDU144235
Google,QDV1757492
Organic,QDY2553658
Snapchat,QEB2168565
Facebook,QED2592967
Organic,QEF2346302
Facebook,QEK1193927
Instagram,QFC990714
Offline Campaign,QFH1016545
Facebook,QFJ19108108
Snapchat,QGE2356691
Google,QGE862652
Instagram,QGK722722
Organic,QGM2231203
Offline Campaign,QGV1958272
Organic,QGX241418
Facebook,QHF294818
Instagram,QHG1957915
Instagram,QHI2518750
Snapchat,QHN1334188
Instagram,QHR387849
Organic,QHV1562343
Offline Campaign,QIO223397
Google,QIR1825515
Instagram,QIS17109512
Facebook,QIT1982836
Facebook,QIU108655
Snapchat,QIX221405
Snapchat,QJB810296
Organic,QJC186783
Offline Campaign,QJK1091659
Snapchat,QJM1130966
Organic,QJT2163948
Instagram,QJT2643041
Google,QKH536825
Offline Campaign,QKO1999456
Snapchat,QKQ2697584
Offline Campaign,QKW1237905
Offline Campaign,QLH1155161
Instagram,QLJ10105912
Organic,QLZ139762
Offline Campaign,QLZ17104160
Offline Campaign,QMA891845
Organic,QME2039633
Offline Campaign,QMF16101049
Instagram,QMJ922017
Instagram,QMM638694
Facebook,QMQ2651837
Offline Campaign,QMT1512465
Offline Campaign,QMU2171262
Facebook,QNB142216
Organic,QNH187558
Snapchat,QNJ2280577
Instagram,QNJ8100257
Offline Campaign,QNM948372
Instagram,QNW1142201
Google,QOF2559130
Organic,QOH12102681
Facebook,QOO1341286
Organic,QOU1533891
Organic,QPB2111889
Offline Campaign,QPP10100575
Facebook,QPT1965862
Snapchat,QQN1672897
Offline Campaign,QQV394101
Google,QQW470359
Snapchat,QRS991440
Offline Campaign,QRV460399
Facebook,QRW2547292
Instagram,QRY1543977
Offline Campaign,QSE2165835
Organic,QSF1119464
Facebook,QSK1363870
Google,QSL522803
Facebook,QSN2094017
Facebook,QSO2297497
Google,QST2120559
Snapchat,QSU929562
Offline Campaign,QSW2349812
Organic,QSY222407
Instagram,QTE149741
Offline Campaign,QTF442570
Instagram,QTR2687825
Snapchat,QTV796297
Offline Campaign,QUO2615723
Facebook,QUW282161
Snapchat,QVH10107391
Facebook,QVJ398439
Organic,QVN410377
Instagram,QVP2097779
Instagram,QWF3108630
Instagram,QWJ1517946
Instagram,QWQ110116
Google,QWR526589
Instagram,QWT1558332
Facebook,QWV1719350
Offline Campaign,QWW586751
Facebook,QWX13104520
Instagram,QWZ1048489
Facebook,QXD1352131
Snapchat,QXE20104628
Facebook,QXI11105177
Instagram,QXS19105279
Facebook,QXT1887921
Offline Campaign,QYB2072648
Offline Campaign,QYD11101364
Instagram,QYM1319359
Offline Campaign,QYN1410287
Instagram,QYW1796252
Organic,QZE1325650
Offline Campaign,QZL2470059
Instagram,QZM581399
Instagram,RAC1317325
Organic,RAN1106956
Google,RAY1485461
Organic,RBI2278645
Instagram,RBW1941859
Facebook,RBX765166
Organic,RCB2126625
Instagram,RCD771283
Facebook,RCJ592697
Offline Campaign,RCN273707
Snapchat,RCO1369012
Instagram,RCO2034656
Google,RCQ1592004
Instagram,RCQ18102171
Offline Campaign,RCQ1981588
Snapchat,RDG1544802
Google,RDK810473
Snapchat,RDO1583862
Offline Campaign,RDP1327510
Snapchat,RDY1014199
Organic,REB1825113
Instagram,REC765232
Snapchat,REU2463345
Facebook,REV1874271
Snapchat,REW23102615
Snapchat,RFH1916833
Organic,RFI546911
Instagram,RFN2477379
Instagram,RGL2372156
Offline Campaign,RGP1074106
Facebook,RGP213395
Google,RGX1664494
Google,RGZ2419374
Offline Campaign,RHD152233
Instagram,RHU2320673
Organic,RID117904
Snapchat,RIH1553748
Snapchat,RIH211496
Instagram,RII1788104
Instagram,RIN2589982
Facebook,RIN452461
Instagram,RIP2080472
Google,RIR2154285
Organic,RJG845018
Instagram,RJH1298940
Organic,RJT2487276
Offline Campaign,RKE873032
Offline Campaign,RKF1243269
Facebook,RKG2253772
Organic,RKH1059010
Snapchat,RKK1910191
Snapchat,RKL1261248
Snapchat,RKN539177
Snapchat,RKQ674898
Organic,RKU238787
Instagram,RLK164158
Snapchat,RLL2334119
Instagram,RLT1660096
Facebook,RLT1970503
Snapchat,RLV173854
Offline Campaign,RLY2153028
Google,RMB2388284
Offline Campaign,RME2655278
Instagram,RMK1576674
Facebook,RMR252368
Facebook,RMW175534
Facebook,RNG2213719
Snapchat,RNH426538
Snapchat,RNI877109
Google,RNL927378
Organic,RNM2155836
Snapchat,RNO2469186
Offline Campaign,RNW1047121
Google,ROP1884207
Instagram,ROP2334374
Google,ROS1124876
Instagram,ROY2557009
Facebook,RPB1460366
Offline Campaign,RPG543704
Instagram,RPW1555353
Snapchat,RPY482155
Facebook,RPZ1924015
Google,RPZ215918
Snapchat,RQI268466
Facebook,RQJ293393
Offline Campaign,RQK1092610
Offline Campaign,RQQ1427852
Google,RQY2310476
Offline Campaign,RRA1025824
Offline Campaign,RRA1768619
Facebook,RRC2430678
Offline Campaign,RRK1235751
Offline Campaign,RRP2089034
Snapchat,RRQ1148840
Organic,RRR1057627
Organic,RRU1965796
Snapchat,RRY1083979
Instagram,RSC1799774
Facebook,RSE1954072
Organic,RSP2077526
Facebook,RSQ2498319
Organic,RSS1616719
Snapchat,RSU275189
Offline Campaign,RTF1297014
Instagram,RTG2381057
Organic,RTH177227
Snapchat,RTJ20104004
Organic,RTK2348243
Snapchat,RTP272375
Instagram,RTT26101586
Snapchat,RUD13101856
Offline Campaign,RUI1128707
Offline Campaign,RUL763726
Snapchat,RUM1384060
Offline Campaign,RUT1135637
Instagram,RUV1084117
Facebook,RUX1365535
Facebook,RUY354873
Snapchat,RUY394515
Google,RVH1012990
Google,RVK647403
Organic,RVP1248777
Instagram,RVP2557132
Snapchat,RVU114958
Facebook,RWK664503
Snapchat,RWM21103935
Instagram,RWT1917967
Offline Campaign,RWZ545798
Snapchat,RXC2228875
Facebook,RXQ2187612
Offline Campaign,RXQ829478
Offline Campaign,RXT984144
Google,RXV157633
Snapchat,RYB11107988
Instagram,RYG2411808
Offline Campaign,RYM2213401
Facebook,RYQ97935
Organic,RYS764434
Instagram,RYV2572084
Instagram,RYY2447700
Facebook,RZC931710
Facebook,RZJ8104118
Organic,RZN1410086
Instagram,RZP1966063
Facebook,RZR1930714
Snapchat,RZS1493384
Offline Campaign,SAA1453226
Google,SAB352902
Google,SAC24106968
Instagram,SAD140572
Snapchat,SAI2084558
Snapchat,SAV1177430
Google,SAV2124858
Instagram,SBB1391353
Offline Campaign,SBG2022788
Instagram,SBG582863
Offline Campaign,SBH1426271
Facebook,SBI2517991
Instagram,SBL1083682
Facebook,SBP1834290
Google,SBQ1840611
Google,SBS990672
Google,SBT1671808
Instagram,SBX698265
Instagram,SBZ142093
Facebook,SCM1734221
Offline Campaign,SCO652428
Instagram,SCP1238769
Facebook,SCS374046
Offline Campaign,SCV1755947
Google,SCW2587471
Snapchat,SDB651690
Snapchat,SDF1289874
Offline Campaign,SDH621477
Instagram,SDI2460186
Organic,SDI398445
Instagram,SDK1417829
Offline Campaign,SDL1350082
Offline Campaign,SDN315819
Offline Campaign,SDN543875
Facebook,SEB853211
Snapchat,SEI1882581
Offline Campaign,SEL129765
Offline Campaign,SEO144799
Snapchat,SET11103860
Snapchat,SEX180142
Organic,SEY1845252
Google,SFJ1263333
Organic,SFL740647
Snapchat,SFO1914718
Google,SFP2024525
Instagram,SFY2238961
Snapchat,SFY2580121
Snapchat,SFZ177658
Instagram,SGI1281501
Snapchat,SGK2266123
Offline Campaign,SGL1727420
Google,SGM1363699
Google,SGN1921789
Instagram,SGT1769171
Snapchat,SGU493657
Facebook,SHA1248951
Instagram,SHB273575
Offline Campaign,SHC1599747
Offline Campaign,SHI2297116
Offline Campaign,SHM2188902
Google,SHN537608
Offline Campaign,SHT2578729
Google,SIB2223454
Organic,SIH2332334
Snapchat,SIH6100473
Google,SIN317013
Facebook,SIO169333
Offline Campaign,SIR852572
Snapchat,SIS227837
Facebook,SIU2499276
Organic,SIU543992
Offline Campaign,SIZ187096
Offline Campaign,SJF1459391
Instagram,SJF2435334
Organic,SJI1164773
Snapchat,SJM630888
Google,SJR1838346
Facebook,SJZ1285038
Offline Campaign,SKH2679323
Snapchat,SKI1076074
Facebook,SKO1851048
Facebook,SKP1513875
Offline Campaign,SKP1817352
Instagram,SKQ1758032
Instagram,SKU815633
Facebook,SKV124408
Facebook,SKX2158542
Organic,SLD2047577
Instagram,SLE1366000
Snapchat,SLF1458839
Offline Campaign,SLJ778486
Snapchat,SLU3105831
Google,SLV1777835
Google,SLZ1136306
Organic,SME1869504
Facebook,SMH246834
Facebook,SMP1929688
Organic,SNB2345099
Offline Campaign,SNC2473677
Google,SNE1024807
Facebook,SNG1734599
Google,SNH2620367
Instagram,SNK2313398
Offline Campaign,SNL15108621
Google,SNP4107265
Snapchat,SOB19106749
Instagram,SOG14109293
Organic,SOJ384861
Offline Campaign,SOM1258758
Google,SOM621081
Instagram,SPA2454816
Snapchat,SPQ1562985
Offline Campaign,SPR518813
Snapchat,SPW2338661
Snapchat,SPY535244
Instagram,SQB2365598
Snapchat,SQL1870095
Offline Campaign,SQL2333546
Instagram,SQX1710635
Google,SRB934353
Facebook,SRD743485
Google,SRE11106674
Instagram,SRR421726
Instagram,SRU880124
Instagram,SRY1369957
Instagram,SRY251711
Facebook,SRZ666303
Instagram,SSB685833
Organic,SSD207101
Snapchat,SSD2690570
Snapchat,SSF23103437
Offline Campaign,SSQ1873314
Instagram,SSU696342
Google,SSV128865
Instagram,STA1788002
Facebook,STA2414646
Instagram,STA345969
Instagram,STC863243
Organic,STD1272558
Facebook,STL1178504
Instagram,STP969975
Offline Campaign,STZ13101751
Offline Campaign,SUA899018
Instagram,SUJ879959
Offline Campaign,SUM835316
Offline Campaign,SUP767752
Offline Campaign,SUU671370
Facebook,SVA2112792
Facebook,SVD2348822
Offline Campaign,SVI753163
Facebook,SVO2257168
Offline Campaign,SVP11101208
Organic,SVQ1192673
Offline Campaign,SVQ1743725
Snapchat,SVR1151492
Offline Campaign,SVS21104511
Organic,SVS515849
Organic,SVV474328
Instagram,SVY8106299
Offline Campaign,SVZ2493786
Offline Campaign,SWB769111
Offline Campaign,SWD1035019
Instagram,SWF1841544
Facebook,SWN185950
Snapchat,SWT959592
Offline Campaign,SWU1562718
Instagram,SXB852386
Instagram,SXD2467029
Organic,SXD374697
Instagram,SXM215252
Facebook,SYA5104700
Facebook,SYI463738
Instagram,SYN58991
Facebook,SYP2628386
Offline Campaign,SYT318597
Organic,SYU579524
Facebook,SZG1696804
Organic,TAA257842
Snapchat,TAD2533435
Instagram,TAE23102369
Instagram,TAN2490912
Snapchat,TAN624846
Instagram,TBA5100542
Offline Campaign,TBA787828
Snapchat,TBI21109116
Offline Campaign,TBJ2335814
Google,TBL243551
Instagram,TBU188809
Offline Campaign,TBX2556484
Instagram,TBZ5107046
Organic,TCA2323856
Organic,TCN448321
Instagram,TCO2650976
Facebook,TCZ1105438
Offline Campaign,TDC2253928
Snapchat,TDC2570314
Organic,TDH1397686
Google,TDP775624
Offline Campaign,TDT1463966
Snapchat,TFN595367
Instagram,TFS2394683
Offline Campaign,TFU1521279
Google,TFX1395106
Snapchat,TFX1576005
Snapchat,TGE9106104
Instagram,TGL1495250
Instagram,TGL1567509
Facebook,TGP1141175
Instagram,TGP689460
Instagram,TGR1645279
Organic,TGR1857204
Snapchat,TGW2091497
Offline Campaign,TGX1029427
Instagram,TGZ281468
Google,THC2649158
Facebook,THD263822
Google,THH457414
Google,THJ2229955
Instagram,THT375564
Google,TIE376563
Snapchat,TIG1119839
Organic,TII1365892
Snapchat,TII397347
Instagram,TIL1278753
Snapchat,TIM13109536
Organic,TIZ1129316
Instagram,TIZ2673977
Offline Campaign,TJG2087603
Google,TJP1020406
Facebook,TJQ1941241
Instagram,TJT1327081
Organic,TJU2666525
Instagram,TKC21105894
Organic,TKL2297065
Google,TKQ11108288
Offline Campaign,TLE1488662
Offline Campaign,TLG632139
Organic,TLP392091
Snapchat,TLS1336255
Snapchat,TLT412321
Facebook,TLU2458521
Organic,TLU5104838
Instagram,TMA2325926
Instagram,TMK2089934
Snapchat,TML510263
Google,TMR25100011
Snapchat,TMT1450658
Facebook,TMT2558503
Offline Campaign,TMV1585842
Google,TMW523937
Offline Campaign,TMX210335
Offline Campaign,TNO1948360
Google,TNS1179956
Google,TNU1489568
Google,TNX1119566
Snapchat,TOO342804
Facebook,TOR1535169
Organic,TOU1955698
Organic,TOU1981462
Organic,TOV1231107
Instagram,TPA5100023
Offline Campaign,TPC1086577
Organic,TPJ1993699
Snapchat,TPL119494
Instagram,TPM1829571
Organic,TPS1662028
Instagram,TPS2251006
Offline Campaign,TPX1696315
Instagram,TPX969600
Instagram,TQA1534992
Instagram,TQK184684
Facebook,TQO20107529
Snapchat,TQP426142
Offline Campaign,TQT2066618
Instagram,TQY167677
Snapchat,TRF161257
Organic,TRH1026913
Google,TRJ2020913
Facebook,TRK1986541
Google,TRS960081
Facebook,TRT2172645
Instagram,TRT2444169
Offline Campaign,TRV1370734
Facebook,TSC2651276
Offline Campaign,TSF6104268
Facebook,TSI1560282
Offline Campaign,TSK1759739
Facebook,TSN536129
Facebook,TSS1145726
Offline Campaign,TST1250754
Facebook,TTA417685
Snapchat,TTB378168
Offline Campaign,TTB580805
Facebook,TTG385089
Instagram,TTJ518735
Instagram,TTZ1241919
Instagram,TTZ2029853
Snapchat,TUA10105510
Snapchat,TUF1879749
Facebook,TUS20104655
Offline Campaign,TVC2578987
Facebook,TVP2610440
Organic,TVV88502
Google,TVY318573
Snapchat,TWG691986
Organic,TWJ1513902
Snapchat,TWM2525935
Instagram,TWQ2544355
Facebook,TWU2162259
Snapchat,TWZ411301
Instagram,TXE687525
Instagram,TXI1396432
Facebook,TXK2136450
Instagram,TXL482200
Organic,TXO2678639
Google,TXT4105597
Instagram,TXU17108462
Organic,TXV1251738
Google,TXW486598
Facebook,TXX2215453
Organic,TYA1551591
Offline Campaign,TYD824648
Facebook,TYH1355314
Facebook,TYI1622632
Instagram,TYN598010
Organic,TYW617451
Offline Campaign,TYZ1041934
Offline Campaign,TZI637827
Offline Campaign,TZJ2071844
Offline Campaign,TZN2091980
Offline Campaign,TZO2154936
Snapchat,TZP1242441
Google,TZV943134
Snapchat,TZY1692787
Google,UAB1547910
Offline Campaign,UAD2264449
Snapchat,UAJ1687339
Facebook,UAO557351
Offline Campaign,UBA1887075
Snapchat,UBH1190846
Snapchat,UBI1194335
Instagram,UBR1396402
Offline Campaign,UCA1113899
Facebook,UCD396519
Offline Campaign,UCR1783205
Facebook,UCS2129412
Offline Campaign,UCU11102252
Offline Campaign,UCV2288275
Facebook,UDF1247670
Snapchat,UDJ2029037
Organic,UEG2544895
Instagram,UEK1127723
Snapchat,UEM1631416
Facebook,UEM2289295
Snapchat,UEP17105846
Organic,UEU674127
Instagram,UEV8107886
Instagram,UFG1098649
Instagram,UFH136609
Offline Campaign,UFJ1595820
Organic,UFK1022602
Offline Campaign,UFT1248681
Facebook,UFV715012
Organic,UGA138472
Facebook,UGH2579002
Instagram,UGK1056031
Facebook,UGT2392838
Facebook,UGU1785737
Snapchat,UGU217817
Offline Campaign,UGY2325404
Offline Campaign,UHD10106335
Facebook,UHW812648
Google,UHX2082089
Offline Campaign,UIA1227105
Organic,UIC254864
Facebook,UIG2140431
Snapchat,UIJ1252704
Organic,UIM13104478
Instagram,UIQ390468
Facebook,UIX1619608
Google,UIZ738577
Facebook,UJO2642426
Snapchat,UJP139645
Offline Campaign,UJQ2451849
Instagram,UJR1436021
Offline Campaign,UKA1666951
Google,UKF1077124
Organic,UKN262274
Facebook,UKS1827489
Facebook,UKV1365985
Snapchat,UKV1774907
Organic,ULB278438
Instagram,UMH994797
Google,UMP2391671
Snapchat,UNC2432724
Google,UNG39111
Offline Campaign,UNI1290693
Facebook,UNJ2319137
Snapchat,UNJ795142
Offline Campaign,UNN2292424
Offline Campaign,UNS611139
Offline Campaign,UNU2580283
Instagram,UOO274703
Google,UOO496765
Offline Campaign,UOS2185695
Facebook,UPD1918498
Organic,UPE722923
Snapchat,UPG1868958
Offline Campaign,UPY455938
Google,UQG684402
Organic,UQL139033
Facebook,URB1172117
Organic,URB1670476
Facebook,URC174292
Instagram,URF851132
Facebook,URH3104790
Snapchat,URL430954
Instagram,URT2536039
Instagram,URX2670263
Google,USD1776833
Google,USH1732439
Organic,USI2632169
Snapchat,USK3102420
Facebook,USS3100122
Organic,USV16103065
Instagram,UTC190450
Offline Campaign,UTG935901
Offline Campaign,UTI1321159
Facebook,UTL170386
Instagram,UTP2328023
Organic,UTZ2130564
Offline Campaign,UUI911994
Offline Campaign,UUJ2333231
Organic,UUJ662724
Instagram,UUN2240791
Instagram,UUS1132550
Offline Campaign,UVL340620
Instagram,UVV1231602
Snapchat,UVX223085
Snapchat,UWC426652
Offline Campaign,UWN2527024
Facebook,UWP2685314
Facebook,UWW246941
Instagram,UWW880406
Offline Campaign,UXC691662
Instagram,UXD2183529
Offline Campaign,UXD7108738
Instagram,UXE1883055
Organic,UXH2492763
Offline Campaign,UXN178163
Offline Campaign,UXN879341
Snapchat,UXR1741133
Offline Campaign,UXW2349014
Google,UXX2093834
Organic,UYJ1850460
Google,UYM394503
Facebook,UYR491155
Snapchat,UYU2125614
Google,UYU2433825
Organic,UYX2196357
Snapchat,UYZ1198253
Organic,UZH787846
Snapchat,UZK26101772
Facebook,UZR591128
Google,UZY2347901
Facebook,UZZ2128995
Organic,VAG1726688
Instagram,VAP2550139
Snapchat,VAQ2687156
Facebook,VBB2620370
Facebook,VBM1036615
Facebook,VBP2695265
Facebook,VBS2518354
Instagram,VBT375123
Snapchat,VBT786259
Google,VBV2179332
Offline Campaign,VBY2474376
Offline Campaign,VCB2466360
Offline Campaign,VCD2275411
Facebook,VCV1730282
Organic,VDI248823
Facebook,VDM22102249
Snapchat,VDU2170260
Snapchat,VDX2565838
Snapchat,VEF1070212
Instagram,VEH385977
Offline Campaign,VEX1045582
Offline Campaign,VFO3104427
Organic,VFP460465
Offline Campaign,VFR2050856
Snapchat,VGD1112426
Organic,VGE1836156
Facebook,VGK1616500
Organic,VGS1977268
Snapchat,VGY2557120
Facebook,VHD1265994
Facebook,VHE513602
Offline Campaign,VHH935163
Instagram,VHI1135160
Instagram,VHK2021522
Instagram,VHM1078003
Organic,VHR846443
Instagram,VHV1462070
Offline Campaign,VHX774505
Snapchat,VIA2215306
Instagram,VIA582335
Google,VIC1046107
Organic,VIE7103896
Facebook,VIK1068640
Snapchat,VIK562838
Google,VIN1428695
Instagram,VIN2226631
Snapchat,VIQ859640
Snapchat,VIW366045
Offline Campaign,VIY371604
Facebook,VIZ2398553
Google,VJE696822
Instagram,VJG1414211
Offline Campaign,VJK2153757
Facebook,VJT25103080
Instagram,VKC1553115
Google,VKG1832727
Facebook,VKI1652056
Snapchat,VKQ1590741
Facebook,VKS237431
Instagram,VKS458047
Instagram,VKT1183901
Facebook,VKZ148337
Snapchat,VLF21109200
Offline Campaign,VLN2014787
Instagram,VLT549956
Google,VLU3106941
Facebook,VLW5106596
Offline Campaign,VMC1331329
Snapchat,VMD2137518
Instagram,VME1774841
Google,VMJ576851
Facebook,VMM1661848
Instagram,VMO2242435
Google,VMP788590
Offline Campaign,VMQ389241
Google,VMV49303
Google,VNC1225341
Offline Campaign,VND517253
Organic,VNE2117295
Facebook,VNF459853
Instagram,VNG1950019
Google,VNH1535139
Facebook,VNJ410953
Snapchat,VNQ11102624
Snapchat,VNV1757801
Instagram,VOI1078321
Offline Campaign,VOV1839369
Organic,VOW98565
Snapchat,VPE766168
Offline Campaign,VPF109954
Google,VPG2319473
Snapchat,VPJ1217727
Organic,VPN2633606
Facebook,VPU472231
Facebook,VPV724462
Instagram,VPY2270851
Snapchat,VQG1642597
Facebook,VQO2595307
Instagram,VQQ1029040
Organic,VQR886934
Organic,VQS2221588
Instagram,VQU363879
Facebook,VRH483712
Offline Campaign,VRL955062
Snapchat,VRV2671124
Google,VSD473740
Offline Campaign,VSE1080190
Google,VSE613284
Facebook,VSG1583892
Instagram,VSK2317109
Facebook,VSO185533
Facebook,VSV2618525
Offline Campaign,VTO968007
Offline Campaign,VTX419539
Instagram,VUB1834743
Organic,VUC149152
Organic,VUD1356961
Facebook,VUJ1986571
Facebook,VUJ2552713
Snapchat,VUM2110905
Facebook,VUO1878360
Organic,VUO511322
Offline Campaign,VUU1427966
Instagram,VUZ2169147
Facebook,VVN2324234
Google,VVO490867
Facebook,VVR798982
Google,VVS1818837
Offline Campaign,VVZ159271
Organic,VWB1937395
Instagram,VWG2292574
Snapchat,VWM1591374
Facebook,VWR1755626
Snapchat,VWZ1520868
Facebook,VXE532394
Snapchat,VXS115657
Snapchat,VXU172870
Google,VXV2285368
Instagram,VYG2260147
Instagram,VYJ178613
Offline Campaign,VYJ487594
Organic,VYO1021948
Instagram,VYO344565
Offline Campaign,VYS15103311
Snapchat,VYV2656793
Snapchat,VYV379152
Instagram,VYX1072306
Offline Campaign,VYX1260705
Facebook,VZA1899411
Facebook,VZH1866897
Offline Campaign,VZL1292688
Facebook,VZL1697770
Instagram,WAD775792
Google,WAE965373
Facebook,WAG1359760
Facebook,WAH863381
Google,WAV357219
Offline Campaign,WAY2664749
Snapchat,WBN23107772
Snapchat,WBO2012663
Google,WBR672954
Facebook,WBU164005
Facebook,WCB534278
Snapchat,WCG2511556
Facebook,WCK263606
Instagram,WCQ2231410
Google,WCZ1712018
Organic,WDE1131845
Organic,WDF185572
Instagram,WDK2021648
Snapchat,WDR1132643
Offline Campaign,WDW1864218
Snapchat,WDW1994410
Instagram,WDX1746608
Offline Campaign,WEM2321504
Instagram,WEO765040
Offline Campaign,WEP2695475
Instagram,WEQ2563903
Snapchat,WEV2061497
Organic,WEY197830
Google,WEY2112684
Organic,WFA568448
Snapchat,WFA769837
Offline Campaign,WFF1311211
Organic,WFK129441
Offline Campaign,WFL1623730
Instagram,WFV317898
Instagram,WGD14105432
Organic,WGF991326
Snapchat,WGN2619701
Facebook,WGT435550
Facebook,WHF896750
Offline Campaign,WHI2634839
Offline Campaign,WHQ1179755
Snapchat,WHR180319
Offline Campaign,WHS1948123
Instagram,WHS2069972
Organic,WHU1141151
Instagram,WHU499477
Offline Campaign,WHW1934650
Snapchat,WIC1752908
Facebook,WIG2364815
Google,WIL933684
Organic,WJM1223517
Instagram,WJT2128488
Instagram,WJT968388
Google,WKK2540662
Snapchat,WKL329574
Google,WKM1177931
Snapchat,WKN16105855
Offline Campaign,WKO1731902
Instagram,WKQ568979
Offline Campaign,WKS2030480
Snapchat,WKS885527
Instagram,WKY1592472
Instagram,WKY2190168
Facebook,WLU951255
Offline Campaign,WLZ426154
Organic,WMA1263747
Instagram,WMA243398
Organic,WME1656097
Snapchat,WMG2148357
Instagram,WMI1678090
Instagram,WMN927870
Offline Campaign,WMU1764443
Snapchat,WMY2381234
Google,WMZ1673611
Google,WNH2543797
Offline Campaign,WNL1565283
Offline Campaign,WNM954549
Offline Campaign,WNO20108195
Offline Campaign,WNQ1476026
Offline Campaign,WNR2459115
Offline Campaign,WNV1726265
Offline Campaign,WNV2513239
Facebook,WNZ163057
Facebook,WOA175555
Snapchat,WOC893306
Offline Campaign,WOG342774
Google,WOK311913
Snapchat,WOR2199780
Snapchat,WOV37074
Instagram,WOX1661827
Facebook,WOY477649
Organic,WPI283397
Facebook,WPK2352830
Offline Campaign,WPP1837920
Instagram,WPX1435355
Organic,WQH963801
Offline Campaign,WQI1448501
Google,WQK2590192
Instagram,WQP1775462
Snapchat,WQT2625617
Snapchat,WQV320862
Offline Campaign,WQW2683535
Google,WRA1740374
Snapchat,WRI1028728
Snapchat,WRK1974667
Organic,WRP1844013
Instagram,WRT1554711
Offline Campaign,WRW425965
Snapchat,WSK2072720
Instagram,WSM1014727
Facebook,WSP2083238
Instagram,WTB2197689
Organic,WTE8104418
Offline Campaign,WTM2127375
Offline Campaign,WTO56831
Snapchat,WTS1650607
Facebook,WTZ1732478
Offline Campaign,WTZ338592
Instagram,WUB1078543
Snapchat,WUC1358218
Facebook,WUE155596
Offline Campaign,WUK158127
Facebook,WUO244697
Instagram,WUP2657264
Facebook,WUS2150049
Snapchat,WUV2361614
Snapchat,WVK2387027
Instagram,WVP1623061
Facebook,WVT2090933
Offline Campaign,WWB671853
Snapchat,WWC2687762
Organic,WWC812033
Offline Campaign,WWG1315951
Facebook,WWG239207
Facebook,WWH2238094
Facebook,WWM320250
Facebook,WWO1728482
Offline Campaign,WWQ485404
Offline Campaign,WWT2172192
Facebook,WWU1593477
Google,WWW819296
Instagram,WWY1882023
Snapchat,WXE5107730
Organic,WXH324666
Organic,WXP1341364
Snapchat,WXR2047568
Instagram,WYC928560
Offline Campaign,WYD394365
Offline Campaign,WYG23102045
Offline Campaign,WYI119947
Offline Campaign,WYO934239
Instagram,WYR1091290
Snapchat,WYW2228758
Instagram,WYW2251999
Facebook,WZD2288302
Organic,WZD321126
Snapchat,WZD596933
Instagram,WZH1113854
Instagram,WZH755662
Organic,WZM1234848
Offline Campaign,WZN1283940
Snapchat,WZN1786046
Snapchat,WZV11100629
Google,XAC14109449
Google,XAE1676638
Google,XAO1312258
Snapchat,XAU23103998
Google,XAX278834
Offline Campaign,XBA2239396
Snapchat,XBD1514859
Instagram,XBZ398022
Facebook,XCU5104238
Offline Campaign,XCX2185884
Instagram,XCX870470
Organic,XCY773293
Snapchat,XDD546281
Instagram,XDH1690603
Snapchat,XDL1444943
Facebook,XDQ585392
Instagram,XDR2356154
Offline Campaign,XDV2668367
Snapchat,XDX921255
Snapchat,XEK2533384
Google,XEO2349344
Snapchat,XEO2484552
Offline Campaign,XEP1780445
Organic,XFC315768
Snapchat,XFT852218
Facebook,XFX16108243
Snapchat,XFX2072492
Facebook,XGA474790
Google,XGJ1139531
Google,XGL479938
Offline Campaign,XHD1529916
Facebook,XHF16103125
Offline Campaign,XHH1262172
Snapchat,XHH919803
Instagram,XHI437845
Offline Campaign,XHL1928134
Instagram,XHN6103422
Instagram,XHT1820745
Facebook,XHV2058761
Offline Campaign,XIG5100701
Facebook,XII375039
Instagram,XIJ2420958
Organic,XIK1313260
Instagram,XIN1823247
Google,XIY524108
Snapchat,XJA2229274
Snapchat,XJC1958554
Snapchat,XJF1439144
Instagram,XJM1751384
Google,XJQ18100971
Offline Campaign,XKC2315318
Organic,XKK570845
Facebook,XKO186739
Google,XKT1855053
Snapchat,XLA2491395
Google,XLP1474307
Offline Campaign,XLT20106050
Instagram,XLU1153223
Instagram,XLU1288128
Google,XLV1579905
Google,XLW2512570
Facebook,XLX2566624
Snapchat,XMA1195199
Snapchat,XMD2176746
Facebook,XMH2480013
Snapchat,XMK2315609
Snapchat,XMM1911850
Snapchat,XMM263291
Organic,XMP1410344
Instagram,XNC2666381
Snapchat,XNH898880
Instagram,XNK194338
Facebook,XNP19106689
Facebook,XNS2236465
Offline Campaign,XNS438376
Organic,XOF2012723
Organic,XOG239693
Facebook,XOG811856
Organic,XOP2112867
Facebook,XPA2654423
Facebook,XPE17107493
Instagram,XPE498400
Offline Campaign,XPL2649818
Facebook,XPT2688914
Instagram,XPU316323
Offline Campaign,XPY2067701
Google,XQA1142549
Google,XQB944610
Google,XQJ328176
Snapchat,XQM16100710
Facebook,XQN1266024
Instagram,XRE1797398
Instagram,XRE958149
Facebook,XRG2124960
Facebook,XRR2383016
Organic,XRW1398511
Offline Campaign,XRZ24106650
Offline Campaign,XSA2151360
Instagram,XSI1349689
Facebook,XSL18108975
Facebook,XSP1582764
Organic,XSP710818
Instagram,XSQ1944583
Facebook,XSR397560
Google,XSS2618528
Google,XSU1343419
Instagram,XTM170017
Offline Campaign,XTN13103335
Offline Campaign,XTN17102597
Facebook,XTO530132
Facebook,XTS1422437
Offline Campaign,XUP418417
Facebook,XUQ2377082
Snapchat,XUX668403
Snapchat,XUY169819
Offline Campaign,XUZ3105276
Instagram,XVP1274829
Instagram,XVT390210
Snapchat,XVU1551165
Instagram,XVY1773497
Google,XVZ615561
Instagram,XWA818798
Offline Campaign,XWD1179995
Snapchat,XWJ2642381
Facebook,XWM2631530
Facebook,XWP1518423
Offline Campaign,XXE6107175
Offline Campaign,XXF1745891
Facebook,XXQ2114052
Google,XXV119663
Snapchat,XYB1743839
Snapchat,XYC2191245
Facebook,XYC963555
Offline Campaign,XYF366531
Snapchat,XYS3106089
Snapchat,XYU2524957
Organic,XYZ1546416
Instagram,XZA1523607
Facebook,XZA380286
Offline Campaign,XZD2015543
Instagram,XZT2055119
Snapchat,YAF318999
Instagram,YAV1557783
Facebook,YAV826781
Facebook,YAX1730309
Facebook,YBI15101529
Offline Campaign,YBO1874124
Snapchat,YBQ2383568
Google,YBR1913956
Snapchat,YBV1270761
Instagram,YCJ1591197
Facebook,YCQ667191
Instagram,YCS268829
Facebook,YCW1723790
Offline Campaign,YCY13106851
Offline Campaign,YDE2049902
Instagram,YDL97113
Google,YDW1836801
Facebook,YDY2193213
Offline Campaign,YEA15109446
Snapchat,YEH2237833
Offline Campaign,YEI2319287
Offline Campaign,YEY9102696
Facebook,YFG134443
Facebook,YFJ1737095
Offline Campaign,YFP947802
Instagram,YFR1281342
Offline Campaign,YFX1129448
Snapchat,YFX2269864
Snapchat,YFZ1582842
Offline Campaign,YGA374214
Google,YGK1622596
Offline Campaign,YGN1023826
Offline Campaign,YGQ79909
Snapchat,YGS1164422
Offline Campaign,YGS1553559
Google,YGW1771763
Organic,YGX840041
Facebook,YHA1334416
Organic,YHF1764437
Facebook,YHI1657111
Snapchat,YHL1588869
Google,YHN1186250
Facebook,YHO1992184
Google,YHV247932
Instagram,YIH1443635
Facebook,YIL1565421
Instagram,YIN487033
Snapchat,YIS1814874
Snapchat,YIT184981
Google,YIW1993189
Offline Campaign,YIX149710
Organic,YJE1492949
Instagram,YJG1470266
Snapchat,YJI26108867
Offline Campaign,YJR2361353
Organic,YJR444475
Snapchat,YKB698322
Snapchat,YKC1347997
Organic,YKC1779890
Google,YKP2096276
Organic,YKP2359946
Snapchat,YKS20108741
Facebook,YKX654252
Snapchat,YLS1572852
Facebook,YLX2550928
Organic,YLZ26107274
Facebook,YMK16104583
Offline Campaign,YMM26103698
Google,YNE557201
Facebook,YNF782488
Snapchat,YNG2476569
Snapchat,YNH13103785
Instagram,YNI24106356
Facebook,YNN446548
Offline Campaign,YNR374679
Instagram,YNT1363618
Instagram,YNU977850
Snapchat,YNW267470
Organic,YOC998046
Google,YOG2585518
Snapchat,YOO1628005
Snapchat,YOP778705
Snapchat,YOU234995
Organic,YOZ831962
Organic,YPA206849
Google,YPD206813
Google,YPE136558
Facebook,YPH2165616
Google,YPI821147
Instagram,YQA2391470
Instagram,YQG1684396
Offline Campaign,YQQ746446
Facebook,YQR644514
Google,YQT158661
Instagram,YQV1467824
Offline Campaign,YRA2257669
Organic,YRX1041466
Offline Campaign,YRY1020787
Offline Campaign,YSL1735691
Facebook,YSM16104673
Google,YTA440788
Google,YTD699729
Instagram,YTD875777
Organic,YTE1230117
Snapchat,YTG2384213
Instagram,YTR730762
Facebook,YTU1658785
Offline Campaign,YTV444481
Facebook,YUJ614964
Snapchat,YUN2654006
Instagram,YUT2058233
Instagram,YVB20107367
Instagram,YVF251600
Snapchat,YVF559334
Google,YVM10108573
Snapchat,YVV2066543
Offline Campaign,YVX1586550
Facebook,YVX2444052
Offline Campaign,YWJ352401
Google,YWW1869453
Facebook,YXE970719
Instagram,YXF2478750
Snapchat,YXJ6102783
Facebook,YXP1714328
Facebook,YXR2150796
Instagram,YYC2555878
Facebook,YYI1475645
Facebook,YYJ361005
Snapchat,YYK596966
Facebook,YYO1424489
Instagram,YZD1027699
Snapchat,YZF1242222
Offline Campaign,YZM1142408
Offline Campaign,YZR1993639
Offline Campaign,YZX886568
Snapchat,YZZ484177
Instagram,ZAA1168592
Organic,ZAF1239027
Organic,ZAN2012183
Offline Campaign,ZAW2426436
Snapchat,ZAY1163573
Google,ZAY269873
Facebook,ZBH2556475
Instagram,ZBJ245972
Google,ZCA177053
Organic,ZCC2261377
Instagram,ZCF2614487
Google,ZCH639462
Offline Campaign,ZCK1930645
Google,ZCM1524219
Offline Campaign,ZCO1146731
Organic,ZCQ2123010
Google,ZCZ7100770
Snapchat,ZDC2032601
Offline Campaign,ZDC555044
Google,ZDD2559250
Facebook,ZDG1590918
Instagram,ZDM1557732
Offline Campaign,ZDN1332850
Google,ZED939447
Facebook,ZEI18100788
Instagram,ZEI890627
Organic,ZES1551243
Instagram,ZEW1353880
Offline Campaign,ZEX1237611
Facebook,ZFB19103029
Organic,ZFG1016419
Google,ZFM2499387
Offline Campaign,ZFU1177178
Google,ZFW1552893
Instagram,ZGC1697710
Facebook,ZGC2637407
Instagram,ZGN595637
Google,ZGS1131773
Google,ZGU1125056
Organic,ZGY927273
Google,ZHD1652596
Snapchat,ZHD885350
Facebook,ZHF2399318
Google,ZHK1067710
Instagram,ZHN1622848
Instagram,ZHO17104049
Instagram,ZHT1045639
Snapchat,ZHU1761320
Facebook,ZHU555677
Organic,ZHY548903
Snapchat,ZIC1024465
Instagram,ZIE838499
Facebook,ZIK2229445
Google,ZIN1058509
Offline Campaign,ZIP1042807
Instagram,ZIR5105042
Facebook,ZIX997371
Facebook,ZIY2383046
Instagram,ZJG331227
Facebook,ZJJ1075333
Instagram,ZJL1945027
Snapchat,ZJN1197515
Instagram,ZJQ333816
Offline Campaign,ZJW2281555
Instagram,ZJY107677
Snapchat,ZKJ2034059
Snapchat,ZKJ2387462
Facebook,ZKS580010
Snapchat,ZKT1820076
Facebook,ZKU2195478
Google,ZKW1938901
Snapchat,ZLE1417034
Google,ZLP2321357
Google,ZLQ23104592
Facebook,ZLU390051
Facebook,ZMI1895655
Instagram,ZMI1922218
Organic,ZML1917379
Offline Campaign,ZMU780133
Organic,ZMW1032820
Facebook,ZMX14107466
Offline Campaign,ZNH751408
Snapchat,ZNJ1860945
Facebook,ZNL1037497
Snapchat,ZNM570131
Facebook,ZNR886979
Organic,ZNV2180157
Organic,ZNW1346515
Facebook,ZOC872576
Offline Campaign,ZOE2528269
Facebook,ZOL1595160
Instagram,ZON1598028
Offline Campaign,ZON898304
Instagram,ZOR1650187
Offline Campaign,ZPA1320592
Facebook,ZPG1647907
Instagram,ZPH1918546
Offline Campaign,ZPO1751804
Snapchat,ZPP513893
Organic,ZPV2354468
Instagram,ZQB1793720
Google,ZQB198457
Google,ZQE268256
Instagram,ZQQ1543785
Organic,ZQR675102
Snapchat,ZQS17104373
Facebook,ZQY1828911
Google,ZRI25104688
Facebook,ZRL855572
Offline Campaign,ZRM1574871
Organic,ZRN938295
Organic,ZRY2150100
Facebook,ZRZ2173902
Organic,ZSB748186
Facebook,ZTL1451918
Facebook,ZTS1972894
Google,ZTT157503
Instagram,ZUM2324999
Snapchat,ZUO1950349
Offline Campaign,ZUP8102705
Snapchat,ZUT1961581
Offline Campaign,ZUZ1395298
Snapchat,ZUZ968982
Google,ZVB14101274
Google,ZVD2689373
Offline Campaign,ZVE1814865
Snapchat,ZVI1393261
Facebook,ZVI184072
Facebook,ZVU2018558
Organic,ZVU712672
Facebook,ZWB2092244
Offline Campaign,ZWB332703
Snapchat,ZWW569288
Instagram,ZXF999360
Organic,ZXM1358452
Google,ZXM595103
Instagram,ZXM612261
Organic,ZXO1632598
Facebook,ZXP1238469
Offline Campaign,ZXS1160339
Instagram,ZXU2430366
Offline Campaign,ZXY1812528
Facebook,ZYG693321
Facebook,ZYV752536
Organic,ZZB2240902
Offline Campaign,ZZM1967341
Facebook,ZZN585308
Offline Campaign,ZZY1437275
